-- --------------------------------------------------------
-- Host:                         127.0.0.1
-- Server version:               10.5.8-MariaDB - mariadb.org binary distribution
-- Server OS:                    Win64
-- HeidiSQL Version:             11.3.0.6295
-- --------------------------------------------------------

/*!40101 SET @OLD_CHARACTER_SET_CLIENT=@@CHARACTER_SET_CLIENT */;
/*!40101 SET NAMES utf8 */;
/*!50503 SET NAMES utf8mb4 */;
/*!40014 SET @OLD_FOREIGN_KEY_CHECKS=@@FOREIGN_KEY_CHECKS, FOREIGN_KEY_CHECKS=0 */;
/*!40101 SET @OLD_SQL_MODE=@@SQL_MODE, SQL_MODE='NO_AUTO_VALUE_ON_ZERO' */;
/*!40111 SET @OLD_SQL_NOTES=@@SQL_NOTES, SQL_NOTES=0 */;


-- Dumping database structure for eduard
DROP DATABASE IF EXISTS `eduard`;
CREATE DATABASE IF NOT EXISTS `eduard` /*!40100 DEFAULT CHARACTER SET utf8 COLLATE utf8_hungarian_ci */;
USE `eduard`;

-- Dumping structure for table eduard.application
DROP TABLE IF EXISTS `application`;
CREATE TABLE IF NOT EXISTS `application` (
  `id` bigint(20) NOT NULL AUTO_INCREMENT,
  `academicYear` varchar(9) COLLATE utf8_hungarian_ci DEFAULT NULL,
  `application_applicationFeePaidTo` varchar(255) COLLATE utf8_hungarian_ci DEFAULT NULL,
  `application_examFeePaidTo` varchar(255) COLLATE utf8_hungarian_ci DEFAULT NULL,
  `letterOfAdmitIssued` bit(1) NOT NULL,
  `visaLetterIssued` bit(1) NOT NULL,
  `appliedToSchool_id` bigint(20) DEFAULT NULL,
  `appliedToGrade` varchar(255) COLLATE utf8_hungarian_ci DEFAULT NULL,
  `appliedToProgram_id` bigint(20) DEFAULT NULL,
  `application_type` varchar(31) COLLATE utf8_hungarian_ci DEFAULT NULL,
  `concatAddressHungarianStyle` varchar(160) COLLATE utf8_hungarian_ci DEFAULT NULL,
  `concatAddressWesternStyle` varchar(160) COLLATE utf8_hungarian_ci DEFAULT NULL,
  `country` varchar(50) COLLATE utf8_hungarian_ci DEFAULT NULL,
  `postalCode` varchar(10) COLLATE utf8_hungarian_ci DEFAULT NULL,
  `settlement` varchar(50) COLLATE utf8_hungarian_ci DEFAULT NULL,
  `stateOrCountyOrTerritory` varchar(50) COLLATE utf8_hungarian_ci DEFAULT NULL,
  `streetAndNumber` varchar(100) COLLATE utf8_hungarian_ci DEFAULT NULL,
  `contactTelephone` varchar(20) COLLATE utf8_hungarian_ci DEFAULT NULL,
  `declarationText` varchar(400) COLLATE utf8_hungarian_ci DEFAULT NULL,
  `degreesOrDiplomas` varchar(80) COLLATE utf8_hungarian_ci DEFAULT NULL,
  `firstLanguage` varchar(40) COLLATE utf8_hungarian_ci DEFAULT NULL,
  `gradeCompleted` varchar(10) COLLATE utf8_hungarian_ci DEFAULT NULL,
  `highSchool` varchar(80) COLLATE utf8_hungarian_ci DEFAULT NULL,
  `highSchoolYears` varchar(20) COLLATE utf8_hungarian_ci DEFAULT NULL,
  `infoAnswer` varchar(255) COLLATE utf8_hungarian_ci DEFAULT NULL,
  `proficiency` varchar(40) COLLATE utf8_hungarian_ci DEFAULT NULL,
  `startMonth` varchar(255) COLLATE utf8_hungarian_ci DEFAULT NULL,
  `termsAccepted` bit(1) DEFAULT NULL,
  `universityOrCollege` varchar(80) COLLATE utf8_hungarian_ci DEFAULT NULL,
  `universityOrCollegeYears` varchar(20) COLLATE utf8_hungarian_ci DEFAULT NULL,
  `futureProgram_id` bigint(20) DEFAULT NULL,
  `infoAnswerFocus` longtext COLLATE utf8_hungarian_ci DEFAULT NULL,
  PRIMARY KEY (`id`),
  KEY `FK5CA405508656B7B2` (`appliedToSchool_id`),
  KEY `FK5CA40550A6F9E42E` (`appliedToProgram_id`),
  KEY `FK5CA405508E848C79` (`futureProgram_id`),
  CONSTRAINT `FK5CA405508656B7B2` FOREIGN KEY (`appliedToSchool_id`) REFERENCES `school` (`id`),
  CONSTRAINT `FK5CA405508E848C79` FOREIGN KEY (`futureProgram_id`) REFERENCES `school` (`id`),
  CONSTRAINT `FK5CA40550A6F9E42E` FOREIGN KEY (`appliedToProgram_id`) REFERENCES `school` (`id`)
) ENGINE=InnoDB AUTO_INCREMENT=12338 DEFAULT CHARSET=utf8 COLLATE=utf8_hungarian_ci;

-- Dumping data for table eduard.application: ~37 rows (approximately)
/*!40000 ALTER TABLE `application` DISABLE KEYS */;
INSERT INTO `application` (`id`, `academicYear`, `application_applicationFeePaidTo`, `application_examFeePaidTo`, `letterOfAdmitIssued`, `visaLetterIssued`, `appliedToSchool_id`, `appliedToGrade`, `appliedToProgram_id`, `application_type`, `concatAddressHungarianStyle`, `concatAddressWesternStyle`, `country`, `postalCode`, `settlement`, `stateOrCountyOrTerritory`, `streetAndNumber`, `contactTelephone`, `declarationText`, `degreesOrDiplomas`, `firstLanguage`, `gradeCompleted`, `highSchool`, `highSchoolYears`, `infoAnswer`, `proficiency`, `startMonth`, `termsAccepted`, `universityOrCollege`, `universityOrCollegeYears`, `futureProgram_id`, `infoAnswerFocus`) VALUES
	(12301, '2020-2021', 'NOT_PAID', 'NOT_PAID', b'1', b'1', NULL, 'PREPARATORY', 2, 'Application', NULL, NULL, NULL, NULL, NULL, NULL, NULL, NULL, NULL, NULL, NULL, NULL, NULL, NULL, NULL, NULL, NULL, NULL, NULL, NULL, NULL, NULL),
	(12302, '2021-2022', NULL, NULL, b'0', b'0', NULL, 'FIRST_YEAR', 49, 'SelfApplication', NULL, NULL, '', '', '', '', '', '', 'I am applying as a freshman, and I do not want to apply for any exemptions.', '', '', '', 'Durres High School', '2016-2020', '', '', NULL, b'1', '', '', NULL, NULL),
	(12303, '2021-2022', 'NOT_PAID', 'NOT_PAID', b'0', b'0', NULL, NULL, 60, 'SelfApplication', NULL, NULL, '', '', '', '', '', '', 'I am applying as a freshman, and I do not want to apply for any exemptions.', '', '', '', 'Durres High School', '2016-2020', '', '', NULL, b'1', '', '', NULL, NULL),
	(12304, '2022-2023', 'PAID_TO_AGENT', 'NOT_PAID', b'0', b'0', NULL, 'FIRST_YEAR', 1, 'Application', NULL, NULL, NULL, NULL, NULL, NULL, NULL, NULL, NULL, NULL, NULL, NULL, NULL, NULL, NULL, NULL, NULL, NULL, NULL, NULL, NULL, NULL),
	(12305, '2022-2023', NULL, NULL, b'0', b'0', NULL, 'FIRST_YEAR', 48, 'SelfApplication', NULL, NULL, '', '', '', '', '', '', 'I would like to transfer to the University of Debrecen, and I hereby submit all available school documents with my application for the purpose of evaluation of my previous studies.', '', '', '', 'Kabul High', '2019-2021', '', '', NULL, b'1', '', '', NULL, NULL),
	(12306, '2022-2023', NULL, NULL, b'0', b'0', NULL, 'FIRST_YEAR', 48, 'SelfApplication', NULL, NULL, '', '', '', '', '', '', 'I would like to transfer to the University of Debrecen, and I hereby submit all available school documents with my application for the purpose of evaluation of my previous studies.', '', '', '', 'Kabul High', '2019-2021', '', '', NULL, b'1', '', '', NULL, NULL),
	(12307, '2021-2022', NULL, NULL, b'0', b'0', NULL, 'FIRST_YEAR', 60, 'Application', NULL, NULL, NULL, NULL, NULL, NULL, NULL, NULL, NULL, NULL, NULL, NULL, NULL, NULL, NULL, NULL, NULL, NULL, NULL, NULL, NULL, NULL),
	(12308, '2022-2023', NULL, NULL, b'0', b'0', NULL, 'PREPARATORY', 2, 'SelfApplication', NULL, NULL, '', '', '', '', '', '', 'I am applying as a freshman, and I do not want to apply for any exemptions.', '', '', '', 'Tirana High', '2016-2020', '', '', 'SEPTEMBER', b'1', '', '', NULL, NULL),
	(12309, '2021-2022', 'NOT_PAID', 'PAID_TO_AGENT', b'0', b'0', NULL, 'FIRST_YEAR', 80, 'Application', NULL, NULL, NULL, NULL, NULL, NULL, NULL, NULL, NULL, NULL, NULL, NULL, NULL, NULL, NULL, NULL, NULL, NULL, NULL, NULL, NULL, NULL),
	(12310, '2022-2023', 'NOT_PAID', 'NOT_PAID', b'0', b'0', NULL, 'PREPARATORY', 2, 'Application', NULL, NULL, NULL, NULL, NULL, NULL, NULL, NULL, NULL, NULL, NULL, NULL, NULL, NULL, NULL, NULL, NULL, NULL, NULL, NULL, NULL, NULL),
	(12311, NULL, NULL, NULL, b'0', b'0', NULL, NULL, 1, 'Application', NULL, NULL, NULL, NULL, NULL, NULL, NULL, NULL, NULL, NULL, NULL, NULL, NULL, NULL, NULL, NULL, NULL, NULL, NULL, NULL, NULL, NULL),
	(12312, NULL, NULL, NULL, b'0', b'0', NULL, NULL, 1, 'Application', NULL, NULL, NULL, NULL, NULL, NULL, NULL, NULL, NULL, NULL, NULL, NULL, NULL, NULL, NULL, NULL, NULL, NULL, NULL, NULL, NULL, NULL),
	(12313, NULL, NULL, NULL, b'0', b'0', NULL, NULL, 5, 'Application', NULL, NULL, NULL, NULL, NULL, NULL, NULL, NULL, NULL, NULL, NULL, NULL, NULL, NULL, NULL, NULL, NULL, NULL, NULL, NULL, NULL, NULL),
	(12314, NULL, NULL, NULL, b'0', b'0', NULL, NULL, 1, 'Application', NULL, NULL, NULL, NULL, NULL, NULL, NULL, NULL, NULL, NULL, NULL, NULL, NULL, NULL, NULL, NULL, NULL, NULL, NULL, NULL, NULL, NULL),
	(12315, NULL, NULL, NULL, b'0', b'0', NULL, NULL, 1, 'Application', NULL, NULL, NULL, NULL, NULL, NULL, NULL, NULL, NULL, NULL, NULL, NULL, NULL, NULL, NULL, NULL, NULL, NULL, NULL, NULL, NULL, NULL),
	(12316, NULL, NULL, NULL, b'0', b'0', NULL, NULL, 1, 'Application', NULL, NULL, NULL, NULL, NULL, NULL, NULL, NULL, NULL, NULL, NULL, NULL, NULL, NULL, NULL, NULL, NULL, NULL, NULL, NULL, NULL, NULL),
	(12317, NULL, NULL, NULL, b'0', b'0', NULL, NULL, 2, 'Application', NULL, NULL, NULL, NULL, NULL, NULL, NULL, NULL, NULL, NULL, NULL, NULL, NULL, NULL, NULL, NULL, NULL, NULL, NULL, NULL, NULL, NULL),
	(12318, NULL, NULL, NULL, b'0', b'0', NULL, NULL, 1, 'Application', NULL, NULL, NULL, NULL, NULL, NULL, NULL, NULL, NULL, NULL, NULL, NULL, NULL, NULL, NULL, NULL, NULL, NULL, NULL, NULL, NULL, NULL),
	(12319, NULL, NULL, NULL, b'0', b'0', NULL, NULL, 1, 'Application', NULL, NULL, NULL, NULL, NULL, NULL, NULL, NULL, NULL, NULL, NULL, NULL, NULL, NULL, NULL, NULL, NULL, NULL, NULL, NULL, NULL, NULL),
	(12320, NULL, NULL, NULL, b'0', b'0', NULL, NULL, 1, 'Application', NULL, NULL, NULL, NULL, NULL, NULL, NULL, NULL, NULL, NULL, NULL, NULL, NULL, NULL, NULL, NULL, NULL, NULL, NULL, NULL, NULL, NULL),
	(12321, NULL, NULL, NULL, b'0', b'0', NULL, NULL, 1, 'Application', NULL, NULL, NULL, NULL, NULL, NULL, NULL, NULL, NULL, NULL, NULL, NULL, NULL, NULL, NULL, NULL, NULL, NULL, NULL, NULL, NULL, NULL),
	(12322, NULL, NULL, NULL, b'0', b'0', NULL, NULL, 1, 'Application', NULL, NULL, NULL, NULL, NULL, NULL, NULL, NULL, NULL, NULL, NULL, NULL, NULL, NULL, NULL, NULL, NULL, NULL, NULL, NULL, NULL, NULL),
	(12323, NULL, NULL, NULL, b'0', b'0', NULL, NULL, 1, 'Application', NULL, NULL, NULL, NULL, NULL, NULL, NULL, NULL, NULL, NULL, NULL, NULL, NULL, NULL, NULL, NULL, NULL, NULL, NULL, NULL, NULL, NULL),
	(12324, NULL, NULL, NULL, b'0', b'0', NULL, NULL, 1, 'Application', NULL, NULL, NULL, NULL, NULL, NULL, NULL, NULL, NULL, NULL, NULL, NULL, NULL, NULL, NULL, NULL, NULL, NULL, NULL, NULL, NULL, NULL),
	(12325, NULL, NULL, NULL, b'0', b'0', NULL, NULL, 2, 'Application', NULL, NULL, NULL, NULL, NULL, NULL, NULL, NULL, NULL, NULL, NULL, NULL, NULL, NULL, NULL, NULL, NULL, NULL, NULL, NULL, NULL, NULL),
	(12326, NULL, NULL, NULL, b'0', b'0', NULL, NULL, 6, 'Application', NULL, NULL, NULL, NULL, NULL, NULL, NULL, NULL, NULL, NULL, NULL, NULL, NULL, NULL, NULL, NULL, NULL, NULL, NULL, NULL, NULL, NULL),
	(12327, NULL, NULL, NULL, b'0', b'0', NULL, NULL, 1, 'Application', NULL, NULL, NULL, NULL, NULL, NULL, NULL, NULL, NULL, NULL, NULL, NULL, NULL, NULL, NULL, NULL, NULL, NULL, NULL, NULL, NULL, NULL),
	(12328, NULL, NULL, NULL, b'0', b'0', NULL, NULL, 8, 'Application', NULL, NULL, NULL, NULL, NULL, NULL, NULL, NULL, NULL, NULL, NULL, NULL, NULL, NULL, NULL, NULL, NULL, NULL, NULL, NULL, NULL, NULL),
	(12329, NULL, NULL, NULL, b'0', b'0', NULL, NULL, 5, 'Application', NULL, NULL, NULL, NULL, NULL, NULL, NULL, NULL, NULL, NULL, NULL, NULL, NULL, NULL, NULL, NULL, NULL, NULL, NULL, NULL, NULL, NULL),
	(12330, NULL, NULL, NULL, b'0', b'0', NULL, NULL, 1, 'Application', NULL, NULL, NULL, NULL, NULL, NULL, NULL, NULL, NULL, NULL, NULL, NULL, NULL, NULL, NULL, NULL, NULL, NULL, NULL, NULL, NULL, NULL),
	(12331, NULL, NULL, NULL, b'0', b'0', NULL, NULL, 5, 'Application', NULL, NULL, NULL, NULL, NULL, NULL, NULL, NULL, NULL, NULL, NULL, NULL, NULL, NULL, NULL, NULL, NULL, NULL, NULL, NULL, NULL, NULL),
	(12332, NULL, NULL, NULL, b'0', b'0', NULL, NULL, 1, 'Application', NULL, NULL, NULL, NULL, NULL, NULL, NULL, NULL, NULL, NULL, NULL, NULL, NULL, NULL, NULL, NULL, NULL, NULL, NULL, NULL, NULL, NULL),
	(12333, NULL, NULL, NULL, b'0', b'0', NULL, NULL, 1, 'Application', NULL, NULL, NULL, NULL, NULL, NULL, NULL, NULL, NULL, NULL, NULL, NULL, NULL, NULL, NULL, NULL, NULL, NULL, NULL, NULL, NULL, NULL),
	(12334, NULL, NULL, NULL, b'0', b'0', NULL, NULL, 1, 'Application', NULL, NULL, NULL, NULL, NULL, NULL, NULL, NULL, NULL, NULL, NULL, NULL, NULL, NULL, NULL, NULL, NULL, NULL, NULL, NULL, NULL, NULL),
	(12335, NULL, NULL, NULL, b'0', b'0', NULL, NULL, 1, 'Application', NULL, NULL, NULL, NULL, NULL, NULL, NULL, NULL, NULL, NULL, NULL, NULL, NULL, NULL, NULL, NULL, NULL, NULL, NULL, NULL, NULL, NULL),
	(12336, NULL, NULL, NULL, b'0', b'0', NULL, NULL, 1, 'Application', NULL, NULL, NULL, NULL, NULL, NULL, NULL, NULL, NULL, NULL, NULL, NULL, NULL, NULL, NULL, NULL, NULL, NULL, NULL, NULL, NULL, NULL),
	(12337, NULL, NULL, NULL, b'0', b'0', NULL, NULL, 1, 'Application', NULL, NULL, NULL, NULL, NULL, NULL, NULL, NULL, NULL, NULL, NULL, NULL, NULL, NULL, NULL, NULL, NULL, NULL, NULL, NULL, NULL, NULL);
/*!40000 ALTER TABLE `application` ENABLE KEYS */;

-- Dumping structure for table eduard.bank_account
DROP TABLE IF EXISTS `bank_account`;
CREATE TABLE IF NOT EXISTS `bank_account` (
  `id` bigint(20) NOT NULL AUTO_INCREMENT,
  `IBAN` varchar(255) COLLATE utf8_hungarian_ci DEFAULT NULL,
  `Swift_BICcode` varchar(255) COLLATE utf8_hungarian_ci DEFAULT NULL,
  `bankAddress` varchar(255) COLLATE utf8_hungarian_ci DEFAULT NULL,
  `bankName` varchar(255) COLLATE utf8_hungarian_ci DEFAULT NULL,
  `holderAddress` varchar(255) COLLATE utf8_hungarian_ci DEFAULT NULL,
  `holderName` varchar(255) COLLATE utf8_hungarian_ci DEFAULT NULL,
  `nationality` varchar(255) COLLATE utf8_hungarian_ci DEFAULT NULL,
  PRIMARY KEY (`id`)
) ENGINE=InnoDB DEFAULT CHARSET=utf8 COLLATE=utf8_hungarian_ci;

-- Dumping data for table eduard.bank_account: ~0 rows (approximately)
/*!40000 ALTER TABLE `bank_account` DISABLE KEYS */;
/*!40000 ALTER TABLE `bank_account` ENABLE KEYS */;

-- Dumping structure for table eduard.changelog
DROP TABLE IF EXISTS `changelog`;
CREATE TABLE IF NOT EXISTS `changelog` (
  `id` bigint(20) NOT NULL AUTO_INCREMENT,
  `dataModified` date DEFAULT NULL,
  `message` varchar(160) COLLATE utf8_hungarian_ci DEFAULT NULL,
  `relevantForStudent_id` bigint(20) DEFAULT NULL,
  `modifiedBy_id` bigint(20) DEFAULT NULL,
  PRIMARY KEY (`id`),
  KEY `FK56BDB194122D1122` (`relevantForStudent_id`),
  KEY `FK56BDB194F52E76E9` (`modifiedBy_id`)
) ENGINE=InnoDB AUTO_INCREMENT=1457 DEFAULT CHARSET=utf8 COLLATE=utf8_hungarian_ci;

-- Dumping data for table eduard.changelog: ~0 rows (approximately)
/*!40000 ALTER TABLE `changelog` DISABLE KEYS */;
/*!40000 ALTER TABLE `changelog` ENABLE KEYS */;

-- Dumping structure for table eduard.comment
DROP TABLE IF EXISTS `comment`;
CREATE TABLE IF NOT EXISTS `comment` (
  `id` bigint(20) NOT NULL AUTO_INCREMENT,
  `datetime` datetime DEFAULT NULL,
  `globalComment` bit(1) NOT NULL,
  `text` longtext COLLATE utf8_hungarian_ci DEFAULT NULL,
  `commentByUser_id` bigint(20) DEFAULT NULL,
  `dataGroup_id` bigint(20) DEFAULT NULL,
  `relatedToStudent_id` bigint(20) DEFAULT NULL,
  PRIMARY KEY (`id`),
  KEY `FK38A5EE5F48ED3F10` (`relatedToStudent_id`),
  KEY `FK38A5EE5FD1E53554` (`commentByUser_id`),
  KEY `FK38A5EE5F51603095` (`dataGroup_id`),
  CONSTRAINT `FK38A5EE5F48ED3F10` FOREIGN KEY (`relatedToStudent_id`) REFERENCES `student` (`id`),
  CONSTRAINT `FK38A5EE5F51603095` FOREIGN KEY (`dataGroup_id`) REFERENCES `tab_data_group` (`id`),
  CONSTRAINT `FK38A5EE5FD1E53554` FOREIGN KEY (`commentByUser_id`) REFERENCES `eduard_user` (`id`)
) ENGINE=InnoDB AUTO_INCREMENT=2464 DEFAULT CHARSET=utf8 COLLATE=utf8_hungarian_ci;

-- Dumping data for table eduard.comment: ~11 rows (approximately)
/*!40000 ALTER TABLE `comment` DISABLE KEYS */;
INSERT INTO `comment` (`id`, `datetime`, `globalComment`, `text`, `commentByUser_id`, `dataGroup_id`, `relatedToStudent_id`) VALUES
	(2453, '2021-02-14 14:41:50', b'0', 'New Sunday comment', 185, 98745, 12346),
	(2454, '2021-02-14 18:36:13', b'0', 'Még nincs befizetése', 185, 98757, 12347),
	(2455, '2021-02-28 23:17:49', b'0', 'Personal data comment', 185, 98753, 12347),
	(2456, '2021-02-28 23:17:57', b'0', 'Personal data comment', 185, 98753, 12347),
	(2457, '2021-02-28 23:24:37', b'0', 'Personal data new comment', 185, 98753, 12347),
	(2458, '2021-02-28 23:25:26', b'0', 'Personal data comment', 185, 98785, 12351),
	(2459, '2022-02-13 20:51:48', b'0', 'útlevelét nem mutatta be', 183, 98753, 12347),
	(2460, '2022-02-13 20:51:54', b'0', 'útlevelét nem mutatta be', 183, 98753, 12347),
	(2461, '2022-02-13 21:03:32', b'0', 'még mindig...', 183, 98753, 12347),
	(2462, '2022-02-17 07:14:55', b'0', 'Durrel comment', 185, 98825, 12356),
	(2463, '2022-02-17 07:15:16', b'0', 'Durrel 2 comment', 185, 98825, 12356);
/*!40000 ALTER TABLE `comment` ENABLE KEYS */;

-- Dumping structure for table eduard.country
DROP TABLE IF EXISTS `country`;
CREATE TABLE IF NOT EXISTS `country` (
  `id` bigint(20) NOT NULL AUTO_INCREMENT,
  `alfa2Code` varchar(2) COLLATE utf8_hungarian_ci DEFAULT NULL,
  `alfa3Code` varchar(3) COLLATE utf8_hungarian_ci DEFAULT NULL,
  `commonName` varchar(50) COLLATE utf8_hungarian_ci DEFAULT NULL,
  `commonName_hu` varchar(50) COLLATE utf8_hungarian_ci DEFAULT NULL,
  `nationality` varchar(50) COLLATE utf8_hungarian_ci DEFAULT NULL,
  `nationality_hu` varchar(50) COLLATE utf8_hungarian_ci DEFAULT NULL,
  `officialName` varchar(50) COLLATE utf8_hungarian_ci DEFAULT NULL,
  `visaRequired` bit(1) DEFAULT NULL,
  PRIMARY KEY (`id`)
) ENGINE=InnoDB AUTO_INCREMENT=249 DEFAULT CHARSET=utf8 COLLATE=utf8_hungarian_ci;

-- Dumping data for table eduard.country: ~248 rows (approximately)
/*!40000 ALTER TABLE `country` DISABLE KEYS */;
INSERT INTO `country` (`id`, `alfa2Code`, `alfa3Code`, `commonName`, `commonName_hu`, `nationality`, `nationality_hu`, `officialName`, `visaRequired`) VALUES
	(1, 'AF', 'AFG', 'Afghanistan', 'Afganisztán', 'Afghan', 'afgán', 'Afghanistan', b'1'),
	(2, 'AX', 'ALA', 'Aaland Islands', 'Aaland-szigetek', 'Aaland Islander', 'finn(Aaland-szigetek)', 'Aaland Islands', b'1'),
	(3, 'AL', 'ALB', 'Albania', 'Albánia', 'Albanian', 'albĂˇn', 'Albania', b'1'),
	(4, 'DZ', 'DZA', 'Algeria', 'AlgĂ©ria', 'Algerian', 'algĂ©riai', 'Algeria', b'1'),
	(5, 'AS', 'ASM', 'American Samoa', 'Amerikai Szamoa', 'American Samoan', 'amerikai(Amerikai Szamoa)', 'American Samoa', b'1'),
	(6, 'AD', 'AND', 'Andorra', 'Andorra', 'Andorrean', 'andorrai', 'Andorra', b'0'),
	(7, 'AO', 'AGO', 'Angola', 'Angola', 'Angolan', 'angolai', 'Angola', b'1'),
	(8, 'AI', 'AIA', 'Anguilla', 'Anguilla', 'Anguillan', 'brit(Anguilla)', 'Anguilla', b'1'),
	(9, 'AQ', 'ATA', 'Antarctica', 'Antarktisz', 'Antarctican', 'antarktiszi', 'Antarctica', b'1'),
	(10, 'AG', 'ATG', 'Antigua and Barbuda', 'Antigua Ă©s Barbuda', 'Antigua and Barbuda national', 'Antigua Ă©s Barbuda állampolgárságĂş', 'Antigua and Barbuda', b'1'),
	(11, 'AR', 'ARG', 'Argentina', 'Argentina', 'Argentinian', 'argentin', 'Argentina', b'1'),
	(12, 'AM', 'ARM', 'Armenia', 'Öményország', 'Armenian', 'Örmény', 'Armenia', b'1'),
	(13, 'AW', 'ABW', 'Aruba', 'Aruba', 'Aruban', 'holland(Aruba)', 'Aruba', b'1'),
	(14, 'AU', 'AUS', 'Australia', 'Ausztrália', 'Australian', 'ausztrál', 'Australia', b'1'),
	(15, 'AT', 'AUT', 'Austria', 'Ausztria', 'Austrian', 'osztrák', 'Austria', b'0'),
	(16, 'AZ', 'AZE', 'Azerbaijan', 'Azerbajdzsán', 'Azerbaijani', 'azerbajdzsáni', 'Azerbaijan', b'1'),
	(17, 'BS', 'BHS', 'Bahamas', 'Bahama-szigetek', 'Bahamian', 'bahama-szigeteki', 'Bahamas', b'1'),
	(18, 'BH', 'BHR', 'Bahrain', 'Bahrein', 'Bahraini', 'bahreini', 'Bahrain', b'1'),
	(19, 'BD', 'BGD', 'Bangladesh', 'Banglades', 'Bangladeshi', 'bangladesi', 'Bangladesh', b'1'),
	(20, 'BB', 'BRB', 'Barbados', 'Barbados', 'Barbadian', 'barbadosi', 'Barbados', b'1'),
	(21, 'BY', 'BLR', 'Belarus', 'Fehéroroszország', 'Belarussian', 'fehérorosz', 'Belarus', b'1'),
	(22, 'BE', 'BEL', 'Belgium', 'Belgium', 'Belgian', 'belga', 'Belgium', b'0'),
	(23, 'BZ', 'BLZ', 'Belize', 'Belize', 'Belizean', 'belizei', 'Belize', b'1'),
	(24, 'BJ', 'BEN', 'Benin', 'Benin', 'Beninese', 'benini', 'Benin', b'1'),
	(25, 'BM', 'BMU', 'Bermuda', 'Bermuda', 'Bermudian', 'brit(Bermuda)', 'Bermuda', b'1'),
	(26, 'BT', 'BTN', 'Bhutan', 'Bhután', 'Bhutanese', 'bhutáni', 'Bhutan', b'1'),
	(27, 'BO', 'BOL', 'Bolivia', 'BolĂ­via', 'Bolivian', 'bolĂ­viai', 'Bolivia', b'1'),
	(28, 'BA', 'BIH', 'Bosnia and Herzegovina', 'Bosznia-Hercegovina', 'Bosnia and Herzegovina national', 'bosznia-hercegovinai', 'Bosnia and Herzegovina', b'1'),
	(29, 'BW', 'BWA', 'Botswana', 'Botswana', 'Botswanaan', 'botswanai', 'Botswana', b'1'),
	(30, 'BV', 'BVT', 'Bouvet Island', 'Bouvet-sziget', 'Bouvet Islander', 'norvég(Bouvet-sziget)', 'Bouvet Island', b'1'),
	(31, 'BR', 'BRA', 'Brazil', 'Brazília', 'Brazilian', 'brazil', 'Brazil', b'1'),
	(32, 'IO', 'IOT', 'British Indian Ocean Territory', 'Brit Indiai-Óceáni terúlet', 'British Indian Ocean Territory national', 'brit(Brit Indiai-Óceáni terűlet)', 'British Indian Ocean Territory', b'1'),
	(33, 'BN', 'BRN', 'Brunei', 'Brunei', 'Bruneian', 'brunei', 'Brunei Darussalam', b'1'),
	(34, 'BG', 'BGR', 'Bulgaria', 'Bulgária', 'Bulgarian', 'bolgár', 'Bulgaria', b'0'),
	(35, 'BF', 'BFA', 'Burkina Faso', 'Burkina Faso', 'Burkinabe', 'burkina fasoi', 'Burkina Faso', b'1'),
	(36, 'BI', 'BDI', 'Burundi', 'Burundi', 'Burundian', 'burundi', 'Burundi', b'1'),
	(37, 'KH', 'KHM', 'Cambodia', 'Kambodzsa', 'Cambodian', 'kambodzsai', 'Cambodia', b'1'),
	(38, 'CM', 'CMR', 'Cameroon', 'Kamerun', 'Cameroonian', 'kameruni', 'Cameroon', b'1'),
	(39, 'CA', 'CAN', 'Canada', 'Kanada', 'Canadian', 'kanadai', 'Canada', b'0'),
	(40, 'CV', 'CPV', 'Cape Verde', 'Zöld-foki Köztársaság', 'Cape Verdean', 'zöld-foki', 'Cape Verde', b'1'),
	(41, 'KY', 'CYM', 'Cayman Islands', 'Kajmán-szigetek', 'Caymanian', 'brit(Kajmán-szigetek)', 'Cayman Islands', b'1'),
	(42, 'CF', 'CAF', 'Central African Republic', 'KĂ¶zép-afrikai Köztársaság', 'Central African', 'közép-afrikai', 'Central African Republic', b'1'),
	(43, 'TD', 'TCD', 'Chad', 'Csád', 'Chadian', 'csádi', 'Chad', b'1'),
	(44, 'CL', 'CHL', 'Chile', 'Chile', 'Chilean', 'chilei', 'Chile', b'1'),
	(45, 'CN', 'CHN', 'China', 'Kína', 'Chinese', 'kínai', 'China', b'1'),
	(46, 'CX', 'CXR', 'Christmas Island', 'Karácsony-sziget', 'Christmas Islander', 'ausztrál(Karácsony-sziget)', 'Christmas Island', b'1'),
	(47, 'CC', 'CCK', 'Cocos (Keeling) Islands', 'KĂłkusz-szigetek', 'Cocos Islander', 'ausztrál(KĂłkusz-szigetek)', 'Cocos (Keeling) Islands', b'1'),
	(48, 'CO', 'COL', 'Colombia', 'Kolumbia', 'Colombian', 'kolumbiai', 'Colombia', b'1'),
	(49, 'KM', 'COM', 'Comoros', 'Comore-szigetek', 'Comorian', 'comore-szigeteki', 'Comoros', b'1'),
	(50, 'CG', 'COG', 'Congo', 'KongĂł', 'Congolese', 'kongĂłi', 'Congo', b'1'),
	(51, 'CD', 'COD', 'Congo, Democratic Republic', 'KongĂłi Demokratikus Köztársaság', 'Congolese', 'kongĂłi(KongĂłi Demokratikus Köztársaság)', 'The Democratic Republic of the Congo', b'1'),
	(52, 'CK', 'COK', 'Cook Islands', 'Cook-szigetek', 'Cook Islander', 'Ăşj-zélandi(Cook-szigetek)', 'Cook Islands', b'1'),
	(53, 'CR', 'CRI', 'Costa Rica', 'Costa Rica', 'Costa Rican', 'costa ricai', 'Costa Rica', b'1'),
	(54, 'CI', 'CIV', 'Cote D\'Ivoire', 'Elefántcsontpart', 'Ivorian', 'elefántcsontparti', 'Cote D\'Ivoire', b'1'),
	(55, 'HR', 'HRV', 'Croatia', 'Horvátország', 'Croatian', 'horvát', 'Croatia', b'0'),
	(56, 'CU', 'CUB', 'Cuba', 'Kuba', 'Cuban', 'kubai', 'Cuba', b'1'),
	(57, 'CY', 'CYP', 'Cyprus', 'Ciprus', 'Cypriot', 'ciprusi', 'Cyprus', b'0'),
	(58, 'CZ', 'CZE', 'Czech Republic', 'Csehország', 'Czech', 'cseh', 'Czech Republic', b'0'),
	(59, 'DK', 'DNK', 'Denmark', 'Dánia', 'Dane', 'dán', 'Denmark', b'0'),
	(60, 'DJ', 'DJI', 'Djibouti', 'Dzsibuti', 'Djiboutian', 'dzsibuti', 'Djibouti', b'1'),
	(61, 'DM', 'DMA', 'Dominica', 'Dominikai Közösség', 'Dominican', 'dominikai', 'Dominica', b'1'),
	(62, 'DO', 'DOM', 'Dominican Republic', 'Dominikai Köztársaság', 'Dominican', 'dominikai(Dominikai Köztársaság)', 'Dominican Republic', b'1'),
	(63, 'EC', 'ECU', 'Ecuador', 'Ecuador', 'Ecuadorian', 'ecuadori', 'Ecuador', b'1'),
	(64, 'EG', 'EGY', 'Egypt', 'Egyiptom', 'Egyptian', 'egyiptomi', 'Egypt', b'1'),
	(65, 'SV', 'SLV', 'El Salvador', 'Salvador', 'Salvadorian', 'salvadori', 'El Salvador', b'1'),
	(66, 'GQ', 'GNQ', 'Equatorial Guinea', 'EgyenlítĹ‘i-Guinea', 'Equatorial Guinean', 'guineai(EgyenlítĹ‘i-Guinea)', 'Equatorial Guinea', b'1'),
	(67, 'ER', 'ERI', 'Eritrea', 'Eritrea', 'Eritrean', 'eritreai', 'Eritrea', b'1'),
	(68, 'EE', 'EST', 'Estonia', 'Ă‰sztország', 'Estonian', 'észt', 'Estonia', b'0'),
	(69, 'ET', 'ETH', 'Ethiopia', 'EtiĂłpia', 'Ethiopian', 'etiĂłp', 'Ethiopia', b'1'),
	(70, 'FK', 'FLK', 'Falkland Islands (Malvinas)', 'Falkland-szigetek', 'Falkland Islander', 'brit(Falkland-szigetek)', 'Falkland Islands (Malvinas)', b'1'),
	(71, 'FO', 'FRO', 'Faroe Islands', 'Feröer', 'Faroese', 'dán(Feröer)', 'Faroe Islands', b'1'),
	(72, 'FJ', 'FJI', 'Fiji', 'Fidzsi-szigetek', 'Fiji Islander', 'fidzsi-szigeteki', 'Fiji', b'1'),
	(73, 'FI', 'FIN', 'Finland', 'Finnország', 'Finn', 'finn', 'Finland', b'0'),
	(74, 'FR', 'FRA', 'France', 'Franciaország', 'French', 'francia', 'France', b'0'),
	(75, 'GF', 'GUF', 'French Guiana', 'Francia Guyana', 'French Guianan', 'francia(Francia Guyana)', 'French Guiana', b'1'),
	(76, 'PF', 'PYF', 'French Polynesia', 'Francia Polinézia', 'French Polynesian', 'francia(Francia Polinézia)', 'French Polynesia', b'1'),
	(77, 'TF', 'ATF', 'French Southern Territories', 'Francia déli területek', 'French Southern Territories national', 'francia(Francia déli terĂĽletek)', 'French Southern Territories', b'1'),
	(78, 'GA', 'GAB', 'Gabon', 'Gabon', 'Gabonese', 'gaboni', 'Gabon', b'1'),
	(79, 'GM', 'GMB', 'Gambia', 'Gambia', 'Gambian', 'gambiai', 'Gambia', b'1'),
	(80, 'GE', 'GEO', 'Georgia', 'GrĂşzia', 'Georgian', 'grĂşz', 'Georgia', b'1'),
	(81, 'DE', 'DEU', 'Germany', 'Németország', 'German', 'német', 'Germany', b'0'),
	(82, 'GH', 'GHA', 'Ghana', 'Ghána', 'Ghanaian', 'ghánai', 'Ghana', b'1'),
	(83, 'GI', 'GIB', 'Gibraltar', 'Gibraltár', 'Gibraltarian', 'brit(Gibraltár)', 'Gibraltar', b'1'),
	(84, 'GR', 'GRC', 'Greece', 'Görögország', 'Greek', 'görög', 'Greece', b'0'),
	(85, 'GL', 'GRL', 'Greenland', 'Grönland', 'Greenlander', 'dán(Grönland)', 'Greenland', b'1'),
	(86, 'GD', 'GRD', 'Grenada', 'Grenada', 'Grenadian', 'grenadai', 'Grenada', b'1'),
	(87, 'GP', 'GLP', 'Guadeloupe', 'Guadeloupe', 'Guadeloupean', 'francia(Guadeloupe)', 'Guadeloupe', b'1'),
	(88, 'GU', 'GUM', 'Guam', 'Guam', 'Guamanian', 'amerikai(Guam)', 'Guam', b'1'),
	(89, 'GT', 'GTM', 'Guatemala', 'Guatemala', 'Guatemalan', 'guatemalai', 'Guatemala', b'1'),
	(90, 'GG', 'GGY', 'Guernsey', 'Guernsey', 'Guernsey national', 'guernsey-i', 'Guernsey', b'1'),
	(91, 'GN', 'GIN', 'Guinea', 'Guinea', 'Guinean', 'guineai', 'Guinea', b'1'),
	(92, 'GW', 'GNB', 'Guinea-Bissau', 'Bissau-Guinea', 'Guinea-Bissau national', 'bissau-guineai', 'Guinea-Bissau', b'1'),
	(93, 'GY', 'GUY', 'Guyana', 'Guyana', 'Guyanese', 'guyanai', 'Guyana', b'1'),
	(94, 'HT', 'HTI', 'Haiti', 'Haiti', 'Haitian', 'haiti', 'Haiti', b'1'),
	(95, 'HM', 'HMD', 'Heard Island and McDonald Islands', 'Heard-sziget és McDonald-szigetek', 'Heard Island and McDonald Islander', 'ausztrál(Heard-sziget és McDonald-szigetek)', 'Heard Island and McDonald Islands', b'1'),
	(96, 'HN', 'HND', 'Honduras', 'Honduras', 'Honduran', 'hondurasi', 'Honduras', b'1'),
	(97, 'HK', 'HKG', 'Hong Kong', 'Hongkong', 'Hong Kong Chinese', 'kínai(Hongkong)', 'Hong Kong', b'1'),
	(98, 'HU', 'HUN', 'Hungary', 'Magyarország', 'Hungarian', 'magyar', 'Hungary', b'0'),
	(99, 'IS', 'ISL', 'Iceland', 'Izland', 'Icelander', 'izlandi', 'Iceland', b'0'),
	(100, 'IN', 'IND', 'India', 'India', 'Indian', 'indiai', 'India', b'1'),
	(101, 'ID', 'IDN', 'Indonesia', 'Indonézia', 'Indonesian', 'indonéz', 'Indonesia', b'1'),
	(102, 'IR', 'IRN', 'Iran', 'Irán', 'Iranian', 'iráni', 'Islamic Republic of Iran', b'1'),
	(103, 'IQ', 'IRQ', 'Iraq', 'Irak', 'Iraqi', 'iraki', 'Iraq', b'1'),
	(104, 'IE', 'IRL', 'Ireland', 'ĂŤrország', 'Irish', 'ír', 'Ireland', b'1'),
	(105, 'IM', 'IMM', 'Isle of Man', 'Man-sziget', 'Manx', 'brit(Man-sziget)', 'Isle of Man', b'1'),
	(106, 'IL', 'ISR', 'Israel', 'Izrael', 'Israeli', 'izraeli', 'Israel', b'0'),
	(107, 'IT', 'ITA', 'Italy', 'Olaszország', 'Italian', 'olasz', 'Italy', b'0'),
	(108, 'JM', 'JAM', 'Jamaica', 'Jamaica', 'Jamaican', 'jamaicai', 'Jamaica', b'1'),
	(109, 'JP', 'JPN', 'Japan', 'Japán', 'Japanese', 'japán', 'Japan', b'0'),
	(110, 'JE', 'JEY', 'Jersey', 'Jersey', 'Jersey national', 'jersey-i', 'Jersey', b'1'),
	(111, 'JO', 'JOR', 'Jordan', 'Jordánia', 'Jordanian', 'jordániai', 'Jordan', b'1'),
	(112, 'KZ', 'KAZ', 'Kazakhstan', 'Kazahsztán', 'Kazakh', 'kazah', 'Kazakhstan', b'1'),
	(113, 'KE', 'KEN', 'Kenya', 'Kenya', 'Kenyan', 'kenyai', 'Kenya', b'1'),
	(114, 'KI', 'KIR', 'Kiribati', 'Kiribati', 'Kiribatian', 'kiribati', 'Kiribati', b'1'),
	(115, 'KP', 'PRK', 'Korea, North', 'Koreai Népi Demokratikus Köztársaság', 'Korean', 'koreai(Koreai Népi Demokratikus Köztársaság)', 'Democratic People\'s Republic of Korea', b'1'),
	(116, 'KR', 'KOR', 'Korea, South', 'Koreai Köztársaság', 'Korean', 'koreai', 'Republic of Korea', b'0'),
	(117, 'KW', 'KWT', 'Kuwait', 'Kuvait', 'Kuwaiti', 'kuvaiti', 'Kuwait', b'1'),
	(118, 'KG', 'KGZ', 'Kyrgyzstan', 'Kirgizisztán', 'Kyrgyz', 'kirgiz', 'Kyrgyzstan', b'1'),
	(119, 'LA', 'LAO', 'Laos', 'Laosz', 'Lao', 'laoszi', 'Lao People\'s Democratic Republic', b'1'),
	(120, 'LV', 'LVA', 'Latvia', 'Lettország', 'Latvian', 'lett', 'Latvia', b'0'),
	(121, 'LB', 'LBN', 'Lebanon', 'Libanon', 'Lebanese', 'libanoni', 'Lebanon', b'1'),
	(122, 'LS', 'LSO', 'Lesotho', 'Lesotho', 'Basotho', 'lesothoi', 'Lesotho', b'1'),
	(123, 'LR', 'LBR', 'Liberia', 'Libéria', 'Liberian', 'libériai', 'Liberia', b'1'),
	(124, 'LY', 'LBY', 'Libyan Arab Jamahiriya', 'Líbia', 'Libyan', 'líbiai', 'Libyan Arab Jamahiriya', b'1'),
	(125, 'LI', 'LIE', 'Liechtenstein', 'Liechtenstein', 'Liechtensteiner', 'liechtensteini', 'Liechtenstein', b'0'),
	(126, 'LT', 'LTU', 'Lithuania', 'Litvánia', 'Lithuanian', 'litván', 'Lithuania', b'0'),
	(127, 'LU', 'LUX', 'Luxembourg', 'Luxemburg', 'Luxembourger', 'luxemburgi', 'Luxembourg', b'0'),
	(128, 'MO', 'MAC', 'Macao', 'MakaĂł', 'Macanese', 'portugál(MakaĂł)', 'Macao', b'1'),
	(129, 'MK', 'MKD', 'Macedonia', 'Macedónia', 'Macedonian', 'macedón', 'The Former Yugoslav Republic of Macedonia ', b'1'),
	(130, 'MG', 'MDG', 'Madagascar', 'Madagaszkár', 'Malagasy', 'malagas', 'Madagascar', b'1'),
	(131, 'MW', 'MWI', 'Malawi', 'Malawi', 'Malawian', 'malawi', 'Malawi', b'1'),
	(132, 'MY', 'MYS', 'Malaysia', 'Malajzia', 'Malaysian', 'maláj', 'Malaysia', b'1'),
	(133, 'MV', 'MDV', 'Maldives', 'Maldív-szigetek', 'Maldivian', 'maldív', 'Maldives', b'1'),
	(134, 'ML', 'MLI', 'Mali', 'Mali', 'Malian', 'mali', 'Mali', b'1'),
	(135, 'MT', 'MLT', 'Malta', 'Málta', 'Maltese', 'máltai', 'Malta', b'0'),
	(136, 'MH', 'MHL', 'Marshall Islands', 'Marshall-szigetek', 'Marshallese', 'marshall-szigeteki', 'Marshall Islands', b'1'),
	(137, 'MQ', 'MTQ', 'Martinique', 'Martinique', 'Martinican', 'francia(Martinique)', 'Martinique', b'1'),
	(138, 'MR', 'MRT', 'Mauritania', 'Mauritánia', 'Mauritanian', 'mauritániai', 'Mauritania', b'1'),
	(139, 'MU', 'MUS', 'Mauritius', 'Mauritius', 'Mauritian', 'mauritiusi', 'Mauritius', b'1'),
	(140, 'YT', 'MYT', 'Mayotte', 'Mayotte', 'Mahorais', 'francia(Mayotte)', 'Mayotte', b'1'),
	(141, 'MX', 'MEX', 'Mexico', 'MexikĂł', 'Mexican', 'mexikĂłi', 'Mexico', b'1'),
	(142, 'FM', 'FSM', 'Micronesia', 'Mikronézia', 'Micronesian', 'mikronéz', 'Federated States of Micronesia', b'1'),
	(143, 'MD', 'MDA', 'Moldova', 'Moldova', 'Moldovan', 'moldován', 'Republic of Moldova', b'1'),
	(144, 'MC', 'MCO', 'Monaco', 'Monaco', 'Monegasque', 'monacoi', 'Monaco', b'1'),
	(145, 'MN', 'MNG', 'Mongolia', 'Mongólia', 'Mongolian', 'mongol', 'Mongolia', b'1'),
	(146, 'ME', 'MNE', 'Montenegro', 'MontenegrĂł', 'Montenegrian', 'montenegrĂłi', 'Montenegro', b'1'),
	(147, 'MS', 'MSR', 'Montserrat', 'Montserrat', 'Montserratian', 'brit(Montserrat)', 'Montserrat', b'1'),
	(148, 'MA', 'MAR', 'Morocco', 'Marokkó', 'Moroccan', 'marokkĂłi', 'Morocco', b'1'),
	(149, 'MZ', 'MOZ', 'Mozambique', 'Mozambik', 'Mozambican', 'mozambiki', 'Mozambique', b'1'),
	(150, 'MM', 'MMR', 'Myanmar', 'Mianmar', 'Burmese', 'burmai', 'Myanmar', b'1'),
	(151, 'NA', 'NAM', 'Namibia', 'Namíbia', 'Namibian', 'namíbiai', 'Namibia', b'1'),
	(152, 'NR', 'NRU', 'Nauru', 'Nauru', 'Nauruan', 'naurui', 'Nauru', b'1'),
	(153, 'NP', 'NPL', 'Nepal', 'Nepál', 'Nepalese', 'nepáli', 'Nepal', b'1'),
	(154, 'NL', 'NLD', 'Netherlands', 'Hollandia', 'Netherlander', 'holland', 'Netherlands', b'0'),
	(155, 'AN', 'ANT', 'Netherlands Antilles', 'Holland Antillák', 'Antillean', 'holland(Holland Antillák)', 'Netherlands Antilles', b'1'),
	(156, 'NC', 'NCL', 'New Caledonia', 'Új-Kaledónia', 'New Caledonian', 'francia(Új-Kaledúnia)', 'New Caledonia', b'1'),
	(157, 'NZ', 'NZL', 'New Zealand', 'Új-Zéland', 'New Zealander', 'új-zélandi', 'New Zealand', b'1'),
	(158, 'NI', 'NIC', 'Nicaragua', 'Nicaragua', 'Nicaraguan', 'nicaraguai', 'Nicaragua', b'1'),
	(159, 'NE', 'NER', 'Niger', 'Niger', 'Nigerien', 'nigeri', 'Republic of Niger ', b'1'),
	(160, 'NG', 'NGA', 'Nigeria', 'Nigéria', 'Nigerian', 'nigériai', 'Nigeria', b'1'),
	(161, 'NU', 'NIU', 'Niue', 'Niue', 'Niuean', 'Ăşj-zélandi(Niue)', 'Niue', b'1'),
	(162, 'NF', 'NFK', 'Norfolk Island', 'Norfolk-sziget', 'Norfolk Islander', 'ausztrál(Norfolk-sziget)', 'Norfolk Island', b'1'),
	(163, 'MP', 'MNP', 'Northern Mariana Islands', 'Északi-Mariana-szigetek', 'Northern Mariana Islander', 'amerikai(Északi-Mariana-szigetek)', 'Northern Mariana Islands', b'1'),
	(164, 'NO', 'NOR', 'Norway', 'Norvégia', 'Norwegian', 'norvég', 'Norway', b'0'),
	(165, 'OM', 'OMN', 'Oman', 'Omán', 'Omani', 'ománi', 'Oman', b'1'),
	(166, 'PK', 'PAK', 'Pakistan', 'Pakisztán', 'Pakistani', 'pakisztáni', 'Pakistan', b'1'),
	(167, 'PW', 'PLW', 'Palau', 'Palau', 'Palauan', 'palaui', 'Palau', b'1'),
	(168, 'PS', 'PSE', 'Palestinian Territory', 'Palesztin Terület', 'Palestinian', 'palesztin', 'Occupied Palestinian Territory', b'1'),
	(169, 'PA', 'PAN', 'Panama', 'Panama', 'Panamaian', 'panamai', 'Panama', b'1'),
	(170, 'PG', 'PNG', 'Papua New Guinea', 'Pápua Ăšj-Guinea', 'Papua New Guinean', 'pápua Új-guineai', 'Papua New Guinea', b'1'),
	(171, 'PY', 'PRY', 'Paraguay', 'Paraguay', 'Paraguayan', 'paraguayi', 'Paraguay', b'1'),
	(172, 'PE', 'PER', 'Peru', 'Peru', 'Peruvian', 'perui', 'Peru', b'1'),
	(173, 'PH', 'PHL', 'Philippines', 'Fülöp-szigetek', 'Filipino', 'fülöp-szigeteki', 'Philippines', b'1'),
	(174, 'PN', 'PCN', 'Pitcairn', 'Pitcairn-szigetek', 'Pitcairner', 'brit(Pitcairn-szigetek)', 'Pitcairn', b'1'),
	(175, 'PL', 'POL', 'Poland', 'Lengyelország', 'Polish', 'lengyel', 'Poland', b'0'),
	(176, 'PT', 'PRT', 'Portugal', 'Portugália', 'Portuguese', 'portugál', 'Portugal', b'0'),
	(177, 'PR', 'PRI', 'Puerto Rico', 'Puerto Rico', 'Puerto Rican', 'amerikai(Puerto Rico)', 'Puerto Rico', b'1'),
	(178, 'QA', 'QAT', 'Qatar', 'Katar', 'Qatari', 'katari', 'Qatar', b'1'),
	(179, 'RE', 'REU', 'Reunion', 'Réunion', 'Reunionese', 'francia(Réunion)', 'Reunion', b'1'),
	(180, 'RO', 'ROU', 'Romania', 'Románia', 'Romanian', 'román', 'Romania', b'0'),
	(181, 'RU', 'RUS', 'Russian Federation', 'Oroszország', 'Russian', 'orosz', 'Russian Federation', b'1'),
	(182, 'RW', 'RWA', 'Rwanda', 'Ruanda', 'Rwandan', 'ruandai', 'Rwanda', b'1'),
	(183, 'SH', 'SHN', 'Saint Helena', 'Szent Ilona', 'Saint Helenian', 'brit(Szent Ilona)', 'Saint Helena', b'1'),
	(184, 'KN', 'KNA', 'Saint Kitts and Nevis', 'Saint Kitts és Nevis', 'Saint Kitts and Nevis national', 'Saint Kitts és Nevis állampolgárságú', 'Saint Kitts and Nevis', b'1'),
	(185, 'LC', 'LCA', 'Saint Lucia', 'Saint Lucia', 'Saint Lucian', 'Saint Lucia állampolgárságú', 'Saint Lucia', b'1'),
	(186, 'PM', 'SPM', 'Saint Pierre and Miquelon', 'Saint-Pierre és Miquelon', 'Saint Pierre and Miquelon national', 'francia(Saint-Pierre és Miquelon)', 'Saint Pierre and Miquelon', b'1'),
	(187, 'VC', 'VCT', 'Saint Vincent and the Grenadines', 'Saint Vincent', 'Vincentian', 'Saint Vincent állampolgárságú', 'Saint Vincent and the Grenadines', b'1'),
	(188, 'WS', 'WSM', 'Samoa', 'Szamoa', 'Samoan', 'szamoai', 'Samoa', b'1'),
	(189, 'SM', 'SMR', 'San Marino', 'San Marino', 'San Marinese', 'san marinoi', 'San Marino', b'1'),
	(190, 'ST', 'STP', 'Sao Tome and Principe', 'Sao Tomé és Príncipe', 'Sao Toméan', 'sao toméi', 'Sao Tome and Principe', b'1'),
	(191, 'SA', 'SAU', 'Saudi Arabia', 'Szaúd-Arábia', 'Saudi Arabian', 'szaúd-arábiai', 'Saudi Arabia', b'1'),
	(192, 'SN', 'SEN', 'Senegal', 'Szenegál', 'Senegalese', 'szenegáli', 'Senegal', b'1'),
	(193, 'RS', 'SRB', 'Serbia', 'Szerbia', 'Serbian', 'szerb', 'Serbia', b'1'),
	(194, 'SC', 'SYC', 'Seychelles', 'Seychelle-szigetek', 'Seychellois', 'seychelle-szigeteki', 'Seychelles', b'1'),
	(195, 'SL', 'SLE', 'Sierra Leone', 'Sierra Leone', 'Sierra Leonean', 'sierra leonei', 'Sierra Leone', b'1'),
	(196, 'SG', 'SGP', 'Singapore', 'Szingapúr', 'Singaporean', 'szingapúri', 'Singapore', b'1'),
	(197, 'SK', 'SVK', 'Slovakia', 'Szlovákia', 'Slovak', 'szlovák', 'Slovakia', b'0'),
	(198, 'SI', 'SVN', 'Slovenia', 'Szlovénia', 'Slovene', 'szlovén', 'Slovenia', b'0'),
	(199, 'SB', 'SLB', 'Solomon Islands', 'Salamon-szigetek', 'Solomon Islander', 'salamon-szigeteki', 'Solomon Islands', b'1'),
	(200, 'SO', 'SOM', 'Somalia', 'Szomália', 'Somali', 'szomáliai', 'Somalia', b'1'),
	(201, 'ZA', 'ZAF', 'South Africa', 'Dél-Afrika', 'South African', 'dél-afrikai', 'South Africa', b'1'),
	(202, 'GS', 'SGS', 'South Georgia and the South Sandwich Islands', 'Déli-Georgia és Déli-Sandwich-szigetek', 'South Georgia and the South Sandwich Islander', 'brit(Déli-Georgia és Déli-Sandwich-szigetek)', 'South Georgia and the South Sandwich Islands', b'1'),
	(203, 'ES', 'ESP', 'Spain', 'Spanyolország', 'Spaniard', 'spanyol', 'Spain', b'0'),
	(204, 'LK', 'LKA', 'Sri Lanka', 'Sri Lanka', 'Sri Lankan', 'sri lankai', 'Sri Lanka', b'1'),
	(205, 'SD', 'SDN', 'Sudan', 'Szudán', 'Sudanese', 'szudáni', 'Sudan', b'1'),
	(206, 'SR', 'SUR', 'Suriname', 'Suriname', 'Surinamer', 'suriname-i', 'Suriname', b'1'),
	(207, 'SJ', 'SJM', 'Svalbard and Jan Mayen', 'Svalbard', 'Svalbard and Jan Mayen national', 'norvég(Svalbard)', 'Svalbard and Jan Mayen', b'1'),
	(208, 'SZ', 'SWZ', 'Swaziland', 'Szváziföld', 'Swazi', 'szvázi', 'Swaziland', b'1'),
	(209, 'SE', 'SWE', 'Sweden', 'Svédország', 'Swedish', 'svéd', 'Sweden', b'0'),
	(210, 'CH', 'CHE', 'Switzerland', 'Svájc', 'Swiss', 'svájci', 'Switzerland', b'0'),
	(211, 'SY', 'SYR', 'Syrian Arab Republic', 'Szíria', 'Syrian', 'szíriai', 'Syrian Arab Republic', b'1'),
	(212, 'TW', 'TWN', 'Taiwan', 'Tajvan', 'Taiwanese', 'tajvani', 'Taiwan', b'1'),
	(213, 'TJ', 'TJK', 'Tajikistan', 'Tádzsikisztán', 'Tajik', 'tádzsik', 'Tajikistan', b'1'),
	(214, 'TZ', 'TZA', 'Tanzania', 'Tanzánia', 'Tanzanian', 'tanzániai', 'United Republic of Tanzania', b'1'),
	(215, 'TH', 'THA', 'Thailand', 'Thaiföld', 'Thai', 'thai', 'Thailand', b'1'),
	(216, 'TL', 'TLS', 'Timor L\'Este', 'Kelet-Timor', 'East Timorese', 'kelet-timori', 'Timor L\'Este', b'1'),
	(217, 'TG', 'TGO', 'Togo', 'Togo', 'Togolese', 'togoi', 'Togo', b'1'),
	(218, 'TK', 'TKL', 'Tokelau', 'Tokelau-szigetek', 'Tokelauan', 'Ăşj-zélandi(Tokelau-szigetek)', 'Tokelau', b'1'),
	(219, 'TO', 'TON', 'Tonga', 'Tonga', 'Tongan', 'tongai', 'Tonga', b'1'),
	(220, 'TT', 'TTO', 'Trinidad and Tobago', 'Trinidad és Tobago', 'Trinidad and Tobago national', 'Trinidad és Tobago állampolgárságú', 'Trinidad and Tobago', b'1'),
	(221, 'TN', 'TUN', 'Tunisia', 'Tunézia', 'Tunisian', 'tunéziai', 'Tunisia', b'1'),
	(222, 'TR', 'TUR', 'Turkey', 'Törökország', 'Turkish', 'török', 'Turkey', b'1'),
	(223, 'TM', 'TKM', 'Turkmenistan', 'Türkmenisztán', 'Turkmen', 'türkmén', 'Turkmenistan', b'1'),
	(224, 'TC', 'TCA', 'Turks and Caicos Islands', 'Turks- és Caicos-szigetek', 'Turks and Caicos Islander', 'brit(Turks- és Caicos-szigetek)', 'Turks and Caicos Islands', b'1'),
	(225, 'TV', 'TUV', 'Tuvalu', 'Tuvalu', 'Tuvaluan', 'tuvalui', 'Tuvalu', b'1'),
	(226, 'UG', 'UGA', 'Uganda', 'Uganda', 'Ugandan', 'ugandai', 'Uganda', b'1'),
	(227, 'UA', 'UKR', 'Ukraine', 'Ukrajna', 'Ukrainian', 'ukrán', 'Ukraine', b'1'),
	(228, 'AE', 'ARE', 'United Arab Emirates', 'Arab Emírségek', 'Emirian', 'emírségi', 'United Arab Emirates', b'1'),
	(229, 'GB', 'GBR', 'United Kingdom', 'EgyesĂĽlt Királyság', 'British', 'brit', 'United Kingdom', b'0'),
	(230, 'US', 'USA', 'United States', 'Egyesült Államok', 'American', 'amerikai', 'United States', b'0'),
	(231, 'UM', 'UMI', 'United States Minor Outlying Islands', 'Amerikai Csendes-Óceáni-szigetek', 'American', 'amerikai(Amerikai Csendes-Óceáni-szigetek)', 'United States Minor Outlying Islands', b'1'),
	(232, 'UY', 'URY', 'Uruguay', 'Uruguay', 'Uruguayan', 'uruguay-i', 'Uruguay', b'1'),
	(233, 'UZ', 'UZB', 'Uzbekistan', 'Üzbegisztán', 'Uzbek', 'Üzbég', 'Uzbekistan', b'1'),
	(234, 'VU', 'VUT', 'Vanuatu', 'Vanuatu', 'Vanuatuan', 'vanuatui', 'Vanuatu', b'1'),
	(235, 'VA', 'VAT', 'Vatican City State (Holy See)', 'Vatikán', 'Vatican', 'vatikáni', 'Vatican City State (Holy See)', b'1'),
	(236, 'VE', 'VEN', 'Venezuela', 'Venezuela', 'Venezuelan', 'venezuelai', 'Venezuela', b'1'),
	(237, 'VN', 'VNM', 'Viet Nam', 'Vietnam', 'Vietnamese', 'vietnámi', 'Viet Nam', b'1'),
	(238, 'VG', 'VGB', 'Virgin Islands (British)', 'Brit Virgin-szigetek', 'British Virgin Islander', 'brit(Brit Virgin-szigetek)', 'Virgin Islands (British)', b'1'),
	(239, 'VI', 'VIR', 'Virgin Islands (U.S.)', 'Amerikai Virgin-szigetek', 'US Virgin Islander', 'amerikai(Amerikai Virgin-szigetek)', 'Virgin Islands (U.S.)', b'1'),
	(240, 'WF', 'WLF', 'Wallis and Futuna', 'Wallis és Futuna', 'Wallis and Futuna Islander', 'francia(Wallis és Futuna)', 'Wallis and Futuna', b'1'),
	(241, 'EH', 'ESH', 'Western Sahara', 'Nyugat-Szahara', 'Sahrawi', 'nyugat-szaharai', 'Western Sahara', b'1'),
	(242, 'YE', 'YEM', 'Yemen', 'Jemen', 'Yemeni', 'jemeni', 'Yemen', b'1'),
	(243, 'ZM', 'ZMB', 'Zambia', 'Zambia', 'Zambian', 'zambiai', 'Zambia', b'1'),
	(244, 'ZW', 'ZWE', 'Zimbabwe', 'Zimbabwe', 'Zimbabwean', 'zimbabwei', 'Zimbabwe', b'1'),
	(245, 'YU', 'YUG', 'Yugoslavija', 'Jugoszlávia', 'Yugoslavian', 'jugoszláv', 'Yugoslav Republic', b'0'),
	(246, 'CZ', 'CZS', 'Czechoslovakia', 'Csehszlovákia', 'Czechoslovak', 'csehszlovák', 'Czechoslovakia', b'0'),
	(247, 'SU', 'SUN', 'Soviet Unio', 'SzovjetuniĂł', 'soviet', 'szovjet', 'Soviet Unio', b'1'),
	(248, NULL, NULL, 'Kosovo', 'KoszovĂł', 'Kosovar', 'koszovói', 'Republic of Kosovo', b'1');
/*!40000 ALTER TABLE `country` ENABLE KEYS */;

-- Dumping structure for table eduard.document
DROP TABLE IF EXISTS `document`;
CREATE TABLE IF NOT EXISTS `document` (
  `id` bigint(20) NOT NULL AUTO_INCREMENT,
  `agentAccess` bit(1) NOT NULL,
  `document_source` varchar(255) COLLATE utf8_hungarian_ci DEFAULT NULL,
  `filename` varchar(80) COLLATE utf8_hungarian_ci DEFAULT NULL,
  `uploadTime` datetime DEFAULT NULL,
  `validDocument` bit(1) NOT NULL,
  `documentType_id` bigint(20) DEFAULT NULL,
  `documentContent_id` bigint(20) DEFAULT NULL,
  `generatedFileIdent` varchar(40) COLLATE utf8_hungarian_ci DEFAULT NULL,
  `uploadedBy_id` bigint(20) DEFAULT NULL,
  PRIMARY KEY (`id`),
  KEY `FK335CD11BE91324EA` (`documentType_id`),
  KEY `FK335CD11BE51A81B2` (`uploadedBy_id`),
  CONSTRAINT `FK335CD11BE51A81B2` FOREIGN KEY (`uploadedBy_id`) REFERENCES `eduard_user` (`id`),
  CONSTRAINT `FK335CD11BE91324EA` FOREIGN KEY (`documentType_id`) REFERENCES `document_type` (`id`)
) ENGINE=InnoDB AUTO_INCREMENT=65584 DEFAULT CHARSET=utf8 COLLATE=utf8_hungarian_ci;

-- Dumping data for table eduard.document: ~36 rows (approximately)
/*!40000 ALTER TABLE `document` DISABLE KEYS */;
INSERT INTO `document` (`id`, `agentAccess`, `document_source`, `filename`, `uploadTime`, `validDocument`, `documentType_id`, `documentContent_id`, `generatedFileIdent`, `uploadedBy_id`) VALUES
	(65546, b'0', 'STUDENT', 'Student.pdf', '2021-02-12 10:51:39', b'1', 149, NULL, '20210212105139824_5325.pdf', 189),
	(65547, b'0', 'APPLICATION', 'elmu_emasz_meghatalmazas.pdf', '2021-02-28 09:30:16', b'1', 150, NULL, '20210228093016526_6662.pdf', NULL),
	(65548, b'0', 'APPLICATION', 'elmu_emasz_meghatalmazas.pdf', '2021-02-28 09:30:16', b'1', 150, NULL, '20210228093016542_6073.pdf', NULL),
	(65549, b'0', 'APPLICATION', 'elmu_emasz_meghatalmazas.pdf', '2021-02-28 09:30:16', b'1', 150, NULL, '20210228093016542_0838.pdf', NULL),
	(65550, b'0', 'APPLICATION', 'elmu_emasz_meghatalmazas.pdf', '2021-02-28 09:30:16', b'1', 150, NULL, '20210228093016557_7354.pdf', NULL),
	(65551, b'0', 'APPLICATION', 'elmu_emasz_meghatalmazas.pdf', '2021-02-28 09:30:16', b'1', 150, NULL, '20210228093016557_5999.pdf', NULL),
	(65552, b'0', 'APPLICATION', 'elmu_emasz_meghatalmazas.pdf', '2021-02-28 09:30:16', b'1', 150, NULL, '20210228093016573_9245.pdf', NULL),
	(65553, b'0', 'APPLICATION', 'Taylor.pdf', '2021-02-28 09:49:29', b'1', 150, NULL, '20210228094929282_1341.pdf', NULL),
	(65554, b'0', 'APPLICATION', 'Taylor.pdf', '2021-02-28 09:49:29', b'1', 150, NULL, '20210228094929304_7342.pdf', NULL),
	(65555, b'0', 'APPLICATION', 'Taylor.pdf', '2021-02-28 09:49:29', b'1', 150, NULL, '20210228094929320_6304.pdf', NULL),
	(65556, b'0', 'APPLICATION', 'Taylor.pdf', '2021-02-28 09:49:29', b'1', 150, NULL, '20210228094929320_0598.pdf', NULL),
	(65557, b'0', 'APPLICATION', 'Taylor.pdf', '2021-02-28 09:49:29', b'1', 150, NULL, '20210228094929335_1888.pdf', NULL),
	(65558, b'0', 'APPLICATION', 'Taylor.pdf', '2021-02-28 09:49:29', b'1', 150, NULL, '20210228094929335_7035.pdf', NULL),
	(65560, b'0', 'APPLICATION', 'Student.pdf', '2022-02-09 23:10:33', b'1', 150, NULL, '20220209231033489_2278.pdf', NULL),
	(65561, b'0', 'APPLICATION', 'Student.pdf', '2022-02-09 23:10:33', b'1', 150, NULL, '20220209231033505_2574.pdf', NULL),
	(65562, b'0', 'APPLICATION', 'Student.pdf', '2022-02-09 23:10:33', b'1', 150, NULL, '20220209231033521_4246.pdf', NULL),
	(65563, b'0', 'APPLICATION', 'Student.pdf', '2022-02-09 23:10:33', b'1', 150, NULL, '20220209231033521_1211.pdf', NULL),
	(65564, b'0', 'APPLICATION', 'Student.pdf', '2022-02-09 23:10:33', b'1', 150, NULL, '20220209231033536_2514.pdf', NULL),
	(65565, b'0', 'APPLICATION', 'Student.pdf', '2022-02-09 23:10:33', b'1', 150, NULL, '20220209231033536_1616.pdf', NULL),
	(65566, b'0', 'APPLICATION', 'Student.pdf', '2022-02-10 13:20:12', b'1', 150, NULL, '20220210132012513_8392.pdf', NULL),
	(65567, b'0', 'APPLICATION', 'Student.pdf', '2022-02-10 13:20:12', b'1', 150, NULL, '20220210132012529_9372.pdf', NULL),
	(65568, b'0', 'APPLICATION', 'Student.pdf', '2022-02-10 13:20:12', b'1', 150, NULL, '20220210132012529_7093.pdf', NULL),
	(65569, b'0', 'APPLICATION', 'Student.pdf', '2022-02-10 13:20:12', b'1', 150, NULL, '20220210132012544_7087.pdf', NULL),
	(65570, b'0', 'APPLICATION', 'Student.pdf', '2022-02-10 13:20:12', b'1', 150, NULL, '20220210132012544_4206.pdf', NULL),
	(65571, b'0', 'APPLICATION', 'Student.pdf', '2022-02-10 13:20:12', b'1', 150, NULL, '20220210132012560_7097.pdf', NULL),
	(65572, b'1', 'APPLICATION', 'Student.pdf', '2022-02-13 23:03:15', b'1', 150, NULL, '20220213230315070_0176.pdf', 182),
	(65573, b'0', 'APPLICATION', 'Student.pdf', '2022-02-16 11:44:04', b'1', 8, NULL, '20220216114404010_4778.pdf', NULL),
	(65574, b'0', 'APPLICATION', 'Student.pdf', '2022-02-16 11:44:04', b'1', 7, NULL, '20220216114404026_5821.pdf', NULL),
	(65575, b'0', 'APPLICATION', 'Student.pdf', '2022-02-16 11:44:04', b'1', 98, NULL, '20220216114404026_7951.pdf', NULL),
	(65576, b'0', 'APPLICATION', 'Student.pdf', '2022-02-16 11:44:04', b'1', 5, NULL, '20220216114404026_0944.pdf', NULL),
	(65577, b'0', 'APPLICATION', 'Student.pdf', '2022-02-16 11:44:04', b'1', 2, NULL, '20220216114404041_6828.pdf', NULL),
	(65578, b'0', 'APPLICATION', 'Student.pdf', '2022-02-16 11:44:04', b'1', 3, NULL, '20220216114404041_3007.pdf', NULL),
	(65579, b'0', 'FINANCES', 'Taylor.pdf', '2022-02-18 21:58:58', b'1', 150, NULL, '20220218215858586_3599.pdf', 188),
	(65580, b'0', 'FINANCES', 'Taylor.pdf', '2022-02-18 22:00:31', b'1', 150, NULL, '20220218220031312_2430.pdf', 185),
	(65581, b'0', 'UNIVERSITY', 'Taylor.pdf', '2022-02-18 22:01:06', b'1', 150, NULL, '20220218220106452_0122.pdf', 185),
	(65582, b'0', 'APPLICATION', 'Taylor.pdf', '2022-02-18 22:01:51', b'1', 150, NULL, '20220218220151500_6951.pdf', 185),
	(65583, b'0', 'STUDENT', 'Taylor.pdf', '2022-02-18 22:02:09', b'1', 150, NULL, '20220218220209983_5539.pdf', 185);
/*!40000 ALTER TABLE `document` ENABLE KEYS */;

-- Dumping structure for table eduard.document_type
DROP TABLE IF EXISTS `document_type`;
CREATE TABLE IF NOT EXISTS `document_type` (
  `id` bigint(20) NOT NULL AUTO_INCREMENT,
  `name` varchar(40) COLLATE utf8_hungarian_ci DEFAULT NULL,
  `agentVisibleType` bit(1) DEFAULT NULL,
  `builtInType` bit(1) DEFAULT NULL,
  PRIMARY KEY (`id`)
) ENGINE=InnoDB AUTO_INCREMENT=152 DEFAULT CHARSET=utf8 COLLATE=utf8_hungarian_ci;

-- Dumping data for table eduard.document_type: ~18 rows (approximately)
/*!40000 ALTER TABLE `document_type` DISABLE KEYS */;
INSERT INTO `document_type` (`id`, `name`, `agentVisibleType`, `builtInType`) VALUES
	(0, 'Photo', b'0', b'1'),
	(2, 'Passport', b'0', b'1'),
	(3, 'High school degree', b'0', b'1'),
	(5, 'Short CV', b'0', b'1'),
	(7, 'Financial statement', b'0', b'1'),
	(8, 'Medical certificate', b'0', b'1'),
	(23, 'Prrof of English', b'0', b'1'),
	(24, 'Optional prrof of English', b'0', b'1'),
	(42, 'Recommendations', b'0', b'1'),
	(48, 'BSC degree', b'0', b'1'),
	(51, 'Undergraduate studies', b'0', b'1'),
	(94, 'Detailed CV', b'0', b'1'),
	(95, 'Master degree', b'0', b'1'),
	(96, 'Reference letters', b'0', b'1'),
	(97, 'Research proposal', b'0', b'1'),
	(98, 'Vaccination report', b'0', b'1'),
	(149, 'Registration form', b'1', b'0'),
	(150, 'Application', b'1', b'1');
/*!40000 ALTER TABLE `document_type` ENABLE KEYS */;

-- Dumping structure for table eduard.eduard_user
DROP TABLE IF EXISTS `eduard_user`;
CREATE TABLE IF NOT EXISTS `eduard_user` (
  `id` bigint(20) NOT NULL AUTO_INCREMENT,
  `activeUser` bit(1) DEFAULT NULL,
  `concatNameEduardStyle` varchar(85) COLLATE utf8_hungarian_ci DEFAULT NULL,
  `concatNameHungarianStyle` varchar(85) COLLATE utf8_hungarian_ci DEFAULT NULL,
  `concatNameWesternStyle` varchar(85) COLLATE utf8_hungarian_ci DEFAULT NULL,
  `familyName` varchar(40) COLLATE utf8_hungarian_ci DEFAULT NULL,
  `givenName` varchar(40) COLLATE utf8_hungarian_ci DEFAULT NULL,
  `middleName` varchar(40) COLLATE utf8_hungarian_ci DEFAULT NULL,
  `title` varchar(255) COLLATE utf8_hungarian_ci DEFAULT NULL,
  `user_password` varchar(32) COLLATE utf8_hungarian_ci DEFAULT NULL,
  `eduard_user_role` varchar(255) COLLATE utf8_hungarian_ci DEFAULT NULL,
  `username` varchar(20) COLLATE utf8_hungarian_ci DEFAULT NULL,
  `center` varchar(255) COLLATE utf8_hungarian_ci DEFAULT NULL,
  `notificationEmail` varchar(255) COLLATE utf8_hungarian_ci DEFAULT NULL,
  `pageSize` int(11) NOT NULL DEFAULT 100,
  PRIMARY KEY (`id`)
) ENGINE=InnoDB AUTO_INCREMENT=197 DEFAULT CHARSET=utf8 COLLATE=utf8_hungarian_ci;

-- Dumping data for table eduard.eduard_user: ~12 rows (approximately)
/*!40000 ALTER TABLE `eduard_user` DISABLE KEYS */;
INSERT INTO `eduard_user` (`id`, `activeUser`, `concatNameEduardStyle`, `concatNameHungarianStyle`, `concatNameWesternStyle`, `familyName`, `givenName`, `middleName`, `title`, `user_password`, `eduard_user_role`, `username`, `center`, `notificationEmail`, `pageSize`) VALUES
	(182, b'1', 'Agent, Bob', 'Agent Bob', 'Bob Agent', 'Agent', 'Bob', NULL, NULL, '0ca6a59570a3f7863a84622cf2e91174', 'AGENT', 'agent', NULL, '', 10),
	(183, b'1', 'Reader, Bob', 'Reader Bob', 'Bob Reader', 'Reader', 'Bob', NULL, NULL, 'aa1dd7fd2b4318780bebea594cc609b0', 'READER_1', 'reader1', 'MHSC', '', 10),
	(184, b'1', 'Reader2, Jacob', NULL, NULL, 'Reader2', 'Jacob', NULL, NULL, 'aa1dd7fd2b4318780bebea594cc609b0', 'READER_2', 'reader2', 'MHSC', NULL, 10),
	(185, b'1', 'Admin, Kate', 'Admin Kate', 'Kate Admin', 'Admin', 'Kate', NULL, NULL, '1844156d4166d94387f1a4ad031ca5fa', 'ADMIN', 'admin', 'MHSC', '', 10),
	(187, b'1', 'Cahs, Admin', NULL, NULL, 'Cahs', 'Admin', NULL, NULL, '1844156d4166d94387f1a4ad031ca5fa', 'ADMIN', 'cahsAdmin', 'CAHS', NULL, 10),
	(188, b'1', 'Superadmin, Susan', NULL, NULL, 'Superadmin', 'Susan', NULL, NULL, 'c15b482783f9b3c9f4f544bbcaed7ec5', 'ADMIN', 'superCAHS', 'CAHS', NULL, 10),
	(189, b'1', 'Superadmin, Susan', NULL, NULL, 'Superadmin', 'Susan', NULL, NULL, 'c15b482783f9b3c9f4f544bbcaed7ec5', 'ADMIN', 'superMHSC', 'MHSC', NULL, 10),
	(190, b'1', 'Admin, Rita', NULL, NULL, 'Admin', 'Rita', NULL, NULL, '1844156d4166d94387f1a4ad031ca5fa', 'ADMIN', 'caaesAdmin', 'CAAES', NULL, 10),
	(191, b'0', 'Test, Admin', 'Test Admin', 'Admin Test', 'Test', 'Admin', '', NULL, '60474c9c10d7142b7508ce7a50acf414', 'ADMIN', 'testadmin', 'MHSC', 'test@domain.hu', 10),
	(192, b'1', 'Agent, Orange', 'Agent Orange', 'Orange Agent', 'Agent', 'Orange', '', NULL, '0ca6a59570a3f7863a84622cf2e91174', 'AGENT', 'agentA', NULL, 'agent@agent.eu', 10),
	(193, b'0', 'Potter, Bob', 'Potter Bob', 'Bob Potter', 'Potter', 'Bob', '', NULL, '60474c9c10d7142b7508ce7a50acf414', 'AGENT', 'testuserB', NULL, 'bob_potter@gmail.com', 10),
	(196, b'1', 'Szaboj, Szaboj', 'Szaboj Szaboj', 'Szaboj Szaboj', 'Szaboj', 'Szaboj', '', NULL, '0cb356c7b2cd44642a74aa2ab882dc8c', 'ADMIN', 'szaboj', 'MHSC', '', 100);
/*!40000 ALTER TABLE `eduard_user` ENABLE KEYS */;

-- Dumping structure for table eduard.entrance_exam
DROP TABLE IF EXISTS `entrance_exam`;
CREATE TABLE IF NOT EXISTS `entrance_exam` (
  `id` bigint(20) NOT NULL AUTO_INCREMENT,
  `activeLocation` bit(1) DEFAULT NULL,
  `approved` bit(1) DEFAULT NULL,
  `committee` varchar(160) COLLATE utf8_hungarian_ci DEFAULT NULL,
  `concatTownAndCountry` varchar(80) COLLATE utf8_hungarian_ci DEFAULT NULL,
  `country` varchar(40) COLLATE utf8_hungarian_ci DEFAULT NULL,
  `examDate` date DEFAULT NULL,
  `institute` varchar(40) COLLATE utf8_hungarian_ci DEFAULT NULL,
  `numberOfStudents` int(11) NOT NULL,
  `streetAndNumber` varchar(80) COLLATE utf8_hungarian_ci DEFAULT NULL,
  `town` varchar(40) COLLATE utf8_hungarian_ci DEFAULT NULL,
  `proposedBy_id` bigint(20) DEFAULT NULL,
  `lastModified` datetime DEFAULT NULL,
  `lastModifiedBy_id` bigint(20) DEFAULT NULL,
  PRIMARY KEY (`id`),
  KEY `FK9FD8280830D5E86C` (`proposedBy_id`),
  KEY `FK9FD828082B2D4813` (`lastModifiedBy_id`),
  CONSTRAINT `FK9FD828082B2D4813` FOREIGN KEY (`lastModifiedBy_id`) REFERENCES `eduard_user` (`id`)
) ENGINE=InnoDB AUTO_INCREMENT=345 DEFAULT CHARSET=utf8 COLLATE=utf8_hungarian_ci;

-- Dumping data for table eduard.entrance_exam: ~13 rows (approximately)
/*!40000 ALTER TABLE `entrance_exam` DISABLE KEYS */;
INSERT INTO `entrance_exam` (`id`, `activeLocation`, `approved`, `committee`, `concatTownAndCountry`, `country`, `examDate`, `institute`, `numberOfStudents`, `streetAndNumber`, `town`, `proposedBy_id`, `lastModified`, `lastModifiedBy_id`) VALUES
	(332, b'1', b'1', 'Dr Smith, Prof. Taylor', 'Vienna, Austria, 2021-05-02', 'Austria', '2021-05-02', NULL, 5, 'Karstenstrasse 34', 'Vienna', 182, '2021-02-15 17:04:51', 185),
	(333, b'1', b'0', 'Dr Smith, Prof. Taylor', 'Vienna, Austria, 2021-03-24', 'Austria', '2021-03-24', NULL, 12, 'Kaiserstrasse 30', 'Vienna', 182, '2021-02-28 18:53:01', 182),
	(334, b'1', b'1', 'Dr Smith, Prof. Taylor', 'Nairobi, Kenya, 2021-03-24', 'Kenya', '2021-03-24', NULL, 5, 'Kenyatta 12', 'Nairobi', 182, '2021-02-28 19:20:43', 182),
	(335, b'1', b'1', 'Dr Smith, Prof. Taylor', 'Bonn, Germany, 2021-04-28', 'Germany', '2021-04-28', NULL, 10, 'Kaiserstrasse 25', 'Bonn', NULL, '2021-03-04 16:29:51', 185),
	(336, b'0', b'0', 'Dr Smith, Prof. Taylor', 'Debrecen, Hungary, 2022-02-28', 'Hungary', '2022-02-28', NULL, 10, 'Holló 12', 'Debrecen', 182, '2022-02-13 12:47:20', 182),
	(337, b'1', b'1', 'Dr Smith, Prof. Taylor', 'Debrecen, Hungary, 2022-02-28', 'Hungary', '2022-02-28', NULL, 10, '148 Maros u.', 'Debrecen', 182, '2022-02-13 12:46:49', 182),
	(338, b'0', b'1', 'Dr Smith, Prof. Taylor', 'Bonn, Germany, 2022-05-28', 'Germany', '2022-05-28', NULL, 15, 'Mariastrasse', 'Bonn', 182, '2022-02-14 13:39:34', 182),
	(339, b'0', b'0', 'Dr Smith, Prof. Taylor', 'Komarno, Slovakia, 2022-02-28', 'Slovakia', '2022-02-28', NULL, 8, '', 'Komarno', 182, '2022-02-14 13:39:44', 182),
	(340, b'0', b'0', 'Dr Smith, Prof. Taylor', 'Komarno, Slovakia, 2022-02-28', 'Slovakia', '2022-02-28', NULL, 12, 'Dunajska', 'Komarno', 182, '2022-02-14 14:13:21', 182),
	(341, b'0', b'0', 'Dr Smith, Prof. Taylor', 'Brod, Slovenia, 2022-02-28', 'Slovenia', '2022-02-28', NULL, 14, 'Sava', 'Brod', 182, '2022-02-14 13:42:03', 182),
	(342, b'0', b'0', 'Dr Smith, Prof. Taylor', 'Brod, Slovenia, 2022-02-28', 'Slovenia', '2022-02-28', NULL, 14, 'Sava', 'Brod', 182, '2022-02-14 14:14:13', 182),
	(343, b'0', b'1', 'Dr Smith, Prof. Taylor', 'Beograd, Serbia, 2022-02-28', 'Serbia', '2022-02-28', NULL, 19, 'Dunajska 3', 'Beograd', 182, '2022-02-20 19:00:10', 182),
	(344, b'1', b'0', NULL, 'Rome, Italy, 2022-02-28', 'Italy', '2022-02-28', NULL, 1, 'Via rigoletto', 'Rome', 182, '2022-02-21 20:29:35', 182);
/*!40000 ALTER TABLE `entrance_exam` ENABLE KEYS */;

-- Dumping structure for table eduard.exam_data
DROP TABLE IF EXISTS `exam_data`;
CREATE TABLE IF NOT EXISTS `exam_data` (
  `id` bigint(20) NOT NULL AUTO_INCREMENT,
  `examDate` date DEFAULT NULL,
  `finalResult` int(11) NOT NULL,
  `oralExamResult` int(11) NOT NULL,
  `wExamResultInBiology` int(11) NOT NULL,
  `wExamResultInChemPhys` int(11) NOT NULL,
  `writtenExamResult` int(11) NOT NULL,
  `entranceExam_id` bigint(20) DEFAULT NULL,
  PRIMARY KEY (`id`),
  KEY `FKFB332BCA15FE9BFE` (`entranceExam_id`),
  CONSTRAINT `FKFB332BCA15FE9BFE` FOREIGN KEY (`entranceExam_id`) REFERENCES `entrance_exam` (`id`)
) ENGINE=InnoDB AUTO_INCREMENT=12315 DEFAULT CHARSET=utf8 COLLATE=utf8_hungarian_ci;

-- Dumping data for table eduard.exam_data: ~37 rows (approximately)
/*!40000 ALTER TABLE `exam_data` DISABLE KEYS */;
INSERT INTO `exam_data` (`id`, `examDate`, `finalResult`, `oralExamResult`, `wExamResultInBiology`, `wExamResultInChemPhys`, `writtenExamResult`, `entranceExam_id`) VALUES
	(12278, NULL, 93, 93, 0, 0, 0, 332),
	(12279, NULL, 0, 0, 0, 0, 0, 335),
	(12280, NULL, 0, 0, 0, 0, 0, 334),
	(12281, NULL, 0, 0, 0, 0, 0, NULL),
	(12282, NULL, 0, 0, 0, 0, 0, NULL),
	(12283, NULL, 0, 0, 0, 0, 0, NULL),
	(12284, NULL, 0, 0, 0, 0, 0, NULL),
	(12285, NULL, 0, 0, 0, 0, 0, NULL),
	(12286, NULL, 0, 0, 0, 0, 0, 334),
	(12287, NULL, 0, 0, 0, 0, 0, NULL),
	(12288, NULL, 45, 0, 0, 0, 0, 337),
	(12289, NULL, 24, 0, 0, 0, 0, 337),
	(12290, NULL, 59, 0, 0, 0, 0, 337),
	(12291, NULL, 56, 0, 0, 0, 0, 337),
	(12292, NULL, 24, 0, 0, 0, 0, 337),
	(12293, NULL, 37, 0, 0, 0, 0, 337),
	(12294, NULL, 14, 0, 0, 0, 0, 337),
	(12295, NULL, 64, 0, 0, 0, 0, 337),
	(12296, NULL, 52, 0, 0, 0, 0, 337),
	(12297, NULL, 78, 0, 0, 0, 0, 337),
	(12298, NULL, 94, 0, 0, 0, 0, 337),
	(12299, NULL, 52, 0, 0, 0, 0, 337),
	(12300, NULL, 61, 0, 0, 0, 0, 337),
	(12301, NULL, 34, 0, 0, 0, 0, 337),
	(12302, NULL, 57, 0, 0, 0, 0, 337),
	(12303, NULL, 64, 0, 0, 0, 0, 337),
	(12304, NULL, 93, 0, 0, 0, 0, 337),
	(12305, NULL, 14, 0, 0, 0, 0, 337),
	(12306, NULL, 97, 0, 0, 0, 0, 337),
	(12307, NULL, 58, 0, 0, 0, 0, 337),
	(12308, NULL, 45, 0, 0, 0, 0, 337),
	(12309, NULL, 28, 0, 0, 0, 0, 337),
	(12310, NULL, 64, 0, 0, 0, 0, 337),
	(12311, NULL, 74, 0, 0, 0, 0, 337),
	(12312, NULL, 111, 0, 0, 0, 0, 337),
	(12313, NULL, 45, 0, 0, 0, 0, 337),
	(12314, NULL, 45, 0, 0, 0, 0, 337);
/*!40000 ALTER TABLE `exam_data` ENABLE KEYS */;

-- Dumping structure for table eduard.exam_data_exam_subject
DROP TABLE IF EXISTS `exam_data_exam_subject`;
CREATE TABLE IF NOT EXISTS `exam_data_exam_subject` (
  `exam_data_id` bigint(20) NOT NULL,
  `examSubjects_id` bigint(20) NOT NULL,
  `exam_subject_index` int(11) NOT NULL,
  PRIMARY KEY (`exam_data_id`,`exam_subject_index`),
  UNIQUE KEY `examSubjects_id` (`examSubjects_id`),
  KEY `FKAEA65B61AE8CEF5D` (`examSubjects_id`),
  KEY `FKAEA65B61B025325D` (`exam_data_id`)
) ENGINE=InnoDB DEFAULT CHARSET=utf8 COLLATE=utf8_hungarian_ci;

-- Dumping data for table eduard.exam_data_exam_subject: ~148 rows (approximately)
/*!40000 ALTER TABLE `exam_data_exam_subject` DISABLE KEYS */;
INSERT INTO `exam_data_exam_subject` (`exam_data_id`, `examSubjects_id`, `exam_subject_index`) VALUES
	(12278, 49021, 0),
	(12278, 49022, 1),
	(12278, 49023, 2),
	(12278, 49024, 3),
	(12279, 49025, 0),
	(12279, 49026, 1),
	(12279, 49027, 2),
	(12279, 49028, 3),
	(12280, 49029, 0),
	(12280, 49030, 1),
	(12280, 49031, 2),
	(12280, 49032, 3),
	(12281, 49033, 0),
	(12281, 49034, 1),
	(12281, 49035, 2),
	(12281, 49036, 3),
	(12282, 49037, 0),
	(12282, 49038, 1),
	(12282, 49039, 2),
	(12282, 49040, 3),
	(12283, 49041, 0),
	(12283, 49042, 1),
	(12283, 49043, 2),
	(12283, 49044, 3),
	(12284, 49045, 0),
	(12284, 49046, 1),
	(12284, 49047, 2),
	(12284, 49048, 3),
	(12285, 49049, 0),
	(12285, 49050, 1),
	(12285, 49051, 2),
	(12285, 49052, 3),
	(12286, 49053, 0),
	(12286, 49054, 1),
	(12286, 49055, 2),
	(12286, 49056, 3),
	(12287, 49057, 0),
	(12287, 49058, 1),
	(12287, 49059, 2),
	(12287, 49060, 3),
	(12288, 49061, 0),
	(12288, 49062, 1),
	(12288, 49063, 2),
	(12288, 49064, 3),
	(12289, 49065, 0),
	(12289, 49066, 1),
	(12289, 49067, 2),
	(12289, 49068, 3),
	(12290, 49069, 0),
	(12290, 49070, 1),
	(12290, 49071, 2),
	(12290, 49072, 3),
	(12291, 49073, 0),
	(12291, 49074, 1),
	(12291, 49075, 2),
	(12291, 49076, 3),
	(12292, 49077, 0),
	(12292, 49078, 1),
	(12292, 49079, 2),
	(12292, 49080, 3),
	(12293, 49081, 0),
	(12293, 49082, 1),
	(12293, 49083, 2),
	(12293, 49084, 3),
	(12294, 49085, 0),
	(12294, 49086, 1),
	(12294, 49087, 2),
	(12294, 49088, 3),
	(12295, 49089, 0),
	(12295, 49090, 1),
	(12295, 49091, 2),
	(12295, 49092, 3),
	(12296, 49093, 0),
	(12296, 49094, 1),
	(12296, 49095, 2),
	(12296, 49096, 3),
	(12297, 49097, 0),
	(12297, 49098, 1),
	(12297, 49099, 2),
	(12297, 49100, 3),
	(12298, 49101, 0),
	(12298, 49102, 1),
	(12298, 49103, 2),
	(12298, 49104, 3),
	(12299, 49105, 0),
	(12299, 49106, 1),
	(12299, 49107, 2),
	(12299, 49108, 3),
	(12300, 49109, 0),
	(12300, 49110, 1),
	(12300, 49111, 2),
	(12300, 49112, 3),
	(12301, 49113, 0),
	(12301, 49114, 1),
	(12301, 49115, 2),
	(12301, 49116, 3),
	(12302, 49117, 0),
	(12302, 49118, 1),
	(12302, 49119, 2),
	(12302, 49120, 3),
	(12303, 49121, 0),
	(12303, 49122, 1),
	(12303, 49123, 2),
	(12303, 49124, 3),
	(12304, 49125, 0),
	(12304, 49126, 1),
	(12304, 49127, 2),
	(12304, 49128, 3),
	(12305, 49129, 0),
	(12305, 49130, 1),
	(12305, 49131, 2),
	(12305, 49132, 3),
	(12306, 49133, 0),
	(12306, 49134, 1),
	(12306, 49135, 2),
	(12306, 49136, 3),
	(12307, 49137, 0),
	(12307, 49138, 1),
	(12307, 49139, 2),
	(12307, 49140, 3),
	(12308, 49141, 0),
	(12308, 49142, 1),
	(12308, 49143, 2),
	(12308, 49144, 3),
	(12309, 49145, 0),
	(12309, 49146, 1),
	(12309, 49147, 2),
	(12309, 49148, 3),
	(12310, 49149, 0),
	(12310, 49150, 1),
	(12310, 49151, 2),
	(12310, 49152, 3),
	(12311, 49153, 0),
	(12311, 49154, 1),
	(12311, 49155, 2),
	(12311, 49156, 3),
	(12312, 49157, 0),
	(12312, 49158, 1),
	(12312, 49159, 2),
	(12312, 49160, 3),
	(12313, 49161, 0),
	(12313, 49162, 1),
	(12313, 49163, 2),
	(12313, 49164, 3),
	(12314, 49165, 0),
	(12314, 49166, 1),
	(12314, 49167, 2),
	(12314, 49168, 3);
/*!40000 ALTER TABLE `exam_data_exam_subject` ENABLE KEYS */;

-- Dumping structure for table eduard.exam_subject
DROP TABLE IF EXISTS `exam_subject`;
CREATE TABLE IF NOT EXISTS `exam_subject` (
  `id` bigint(20) NOT NULL AUTO_INCREMENT,
  `examResult` int(11) NOT NULL,
  `subject` varchar(15) COLLATE utf8_hungarian_ci DEFAULT NULL,
  PRIMARY KEY (`id`)
) ENGINE=InnoDB AUTO_INCREMENT=49169 DEFAULT CHARSET=utf8 COLLATE=utf8_hungarian_ci;

-- Dumping data for table eduard.exam_subject: ~148 rows (approximately)
/*!40000 ALTER TABLE `exam_subject` DISABLE KEYS */;
INSERT INTO `exam_subject` (`id`, `examResult`, `subject`) VALUES
	(49021, 34, 'Biology'),
	(49022, 23, 'Chemistry'),
	(49023, 24, 'Physics'),
	(49024, 12, 'English'),
	(49025, 0, 'Biology'),
	(49026, 0, 'Chemistry'),
	(49027, 0, 'Physics'),
	(49028, 0, 'English'),
	(49029, 0, 'Biology'),
	(49030, 0, 'Chemistry'),
	(49031, 0, 'Physics'),
	(49032, 0, 'English'),
	(49033, 0, 'Biology'),
	(49034, 0, 'Chemistry'),
	(49035, 0, 'Physics'),
	(49036, 0, 'English'),
	(49037, 0, 'Biology'),
	(49038, 0, 'Chemistry'),
	(49039, 0, 'Physics'),
	(49040, 0, 'English'),
	(49041, 0, 'Biology'),
	(49042, 0, 'Chemistry'),
	(49043, 0, 'Physics'),
	(49044, 0, 'English'),
	(49045, 0, 'Biology'),
	(49046, 0, 'Chemistry'),
	(49047, 0, 'Physics'),
	(49048, 0, 'English'),
	(49049, 0, 'Biology'),
	(49050, 0, 'Chemistry'),
	(49051, 0, 'Physics'),
	(49052, 0, 'English'),
	(49053, 0, 'Biology'),
	(49054, 0, 'Chemistry'),
	(49055, 0, 'Physics'),
	(49056, 0, 'English'),
	(49057, 0, 'Biology'),
	(49058, 0, 'Chemistry'),
	(49059, 0, 'Physics'),
	(49060, 0, 'English'),
	(49061, 0, 'Biology'),
	(49062, 0, 'Chemistry'),
	(49063, 0, 'Physics'),
	(49064, 0, 'English'),
	(49065, 0, 'Biology'),
	(49066, 0, 'Chemistry'),
	(49067, 0, 'Physics'),
	(49068, 0, 'English'),
	(49069, 0, 'Biology'),
	(49070, 0, 'Chemistry'),
	(49071, 0, 'Physics'),
	(49072, 0, 'English'),
	(49073, 0, 'Biology'),
	(49074, 0, 'Chemistry'),
	(49075, 0, 'Physics'),
	(49076, 0, 'English'),
	(49077, 0, 'Biology'),
	(49078, 0, 'Chemistry'),
	(49079, 0, 'Physics'),
	(49080, 0, 'English'),
	(49081, 0, 'Biology'),
	(49082, 0, 'Chemistry'),
	(49083, 0, 'Physics'),
	(49084, 0, 'English'),
	(49085, 0, 'Biology'),
	(49086, 0, 'Chemistry'),
	(49087, 0, 'Physics'),
	(49088, 0, 'English'),
	(49089, 0, 'Biology'),
	(49090, 0, 'Chemistry'),
	(49091, 0, 'Physics'),
	(49092, 0, 'English'),
	(49093, 0, 'Biology'),
	(49094, 0, 'Chemistry'),
	(49095, 0, 'Physics'),
	(49096, 0, 'English'),
	(49097, 0, 'Biology'),
	(49098, 0, 'Chemistry'),
	(49099, 0, 'Physics'),
	(49100, 0, 'English'),
	(49101, 0, 'Biology'),
	(49102, 0, 'Chemistry'),
	(49103, 0, 'Physics'),
	(49104, 0, 'English'),
	(49105, 0, 'Biology'),
	(49106, 0, 'Chemistry'),
	(49107, 0, 'Physics'),
	(49108, 0, 'English'),
	(49109, 0, 'Biology'),
	(49110, 0, 'Chemistry'),
	(49111, 0, 'Physics'),
	(49112, 0, 'English'),
	(49113, 0, 'Biology'),
	(49114, 0, 'Chemistry'),
	(49115, 0, 'Physics'),
	(49116, 0, 'English'),
	(49117, 0, 'Biology'),
	(49118, 0, 'Chemistry'),
	(49119, 0, 'Physics'),
	(49120, 0, 'English'),
	(49121, 0, 'Biology'),
	(49122, 0, 'Chemistry'),
	(49123, 0, 'Physics'),
	(49124, 0, 'English'),
	(49125, 0, 'Biology'),
	(49126, 0, 'Chemistry'),
	(49127, 0, 'Physics'),
	(49128, 0, 'English'),
	(49129, 0, 'Biology'),
	(49130, 0, 'Chemistry'),
	(49131, 0, 'Physics'),
	(49132, 0, 'English'),
	(49133, 0, 'Biology'),
	(49134, 0, 'Chemistry'),
	(49135, 0, 'Physics'),
	(49136, 0, 'English'),
	(49137, 0, 'Biology'),
	(49138, 0, 'Chemistry'),
	(49139, 0, 'Physics'),
	(49140, 0, 'English'),
	(49141, 0, 'Biology'),
	(49142, 0, 'Chemistry'),
	(49143, 0, 'Physics'),
	(49144, 0, 'English'),
	(49145, 0, 'Biology'),
	(49146, 0, 'Chemistry'),
	(49147, 0, 'Physics'),
	(49148, 0, 'English'),
	(49149, 0, 'Biology'),
	(49150, 0, 'Chemistry'),
	(49151, 0, 'Physics'),
	(49152, 0, 'English'),
	(49153, 0, 'Biology'),
	(49154, 0, 'Chemistry'),
	(49155, 0, 'Physics'),
	(49156, 0, 'English'),
	(49157, 0, 'Biology'),
	(49158, 0, 'Chemistry'),
	(49159, 0, 'Physics'),
	(49160, 0, 'English'),
	(49161, 0, 'Biology'),
	(49162, 0, 'Chemistry'),
	(49163, 0, 'Physics'),
	(49164, 0, 'English'),
	(49165, 0, 'Biology'),
	(49166, 0, 'Chemistry'),
	(49167, 0, 'Physics'),
	(49168, 0, 'English');
/*!40000 ALTER TABLE `exam_subject` ENABLE KEYS */;

-- Dumping structure for table eduard.financialtrx
DROP TABLE IF EXISTS `financialtrx`;
CREATE TABLE IF NOT EXISTS `financialtrx` (
  `id` bigint(20) NOT NULL AUTO_INCREMENT,
  `activeTransaction` bit(1) NOT NULL,
  `amountHUF` double NOT NULL,
  `amountUSD` double NOT NULL,
  `description` varchar(80) COLLATE utf8_hungarian_ci DEFAULT NULL,
  `summed` bit(1) NOT NULL,
  `transactionDate` date DEFAULT NULL,
  `transactionType` varchar(255) COLLATE utf8_hungarian_ci DEFAULT NULL,
  `involvedStudent_id` bigint(20) DEFAULT NULL,
  `studentSemester_id` int(11) DEFAULT NULL,
  `paidBy` varchar(80) COLLATE utf8_hungarian_ci DEFAULT NULL,
  PRIMARY KEY (`id`),
  KEY `FK1892AC911EF0019D` (`involvedStudent_id`)
) ENGINE=InnoDB AUTO_INCREMENT=17466 DEFAULT CHARSET=utf8 COLLATE=utf8_hungarian_ci;

-- Dumping data for table eduard.financialtrx: ~12 rows (approximately)
/*!40000 ALTER TABLE `financialtrx` DISABLE KEYS */;
INSERT INTO `financialtrx` (`id`, `activeTransaction`, `amountHUF`, `amountUSD`, `description`, `summed`, `transactionDate`, `transactionType`, `involvedStudent_id`, `studentSemester_id`, `paidBy`) VALUES
	(17452, b'1', 0, 5000, 'tandíj befizetés', b'1', '2021-02-15', 'CREDIT', 12347, NULL, NULL),
	(17453, b'1', 0, 8000, 'Tandíj előírás', b'1', '2021-02-15', 'DEBIT', 12347, NULL, NULL),
	(17454, b'1', 0, 1000, 'Required seat reservation fee', b'1', '2021-03-03', 'DEBIT', 12347, NULL, NULL),
	(17455, b'1', 0, 1000, 'Required seat reservation fee', b'1', '2022-02-18', 'DEBIT', 12357, NULL, NULL),
	(17456, b'1', 0, 1000, 'Required seat reservation fee', b'1', '2022-02-18', 'DEBIT', 12347, NULL, NULL),
	(17457, b'1', 0, 1000, 'Required seat reservation fee', b'1', '2022-02-18', 'DEBIT', 12347, NULL, NULL),
	(17458, b'1', 0, 1000, 'Required seat reservation fee', b'1', '2022-02-18', 'DEBIT', 12347, NULL, NULL),
	(17459, b'1', 0, 1000, 'Required seat reservation fee', b'1', '2022-02-18', 'DEBIT', 12357, NULL, NULL),
	(17460, b'1', 0, 0, 'Required seat reservation fee', b'1', '2022-02-20', 'DEBIT', 12349, NULL, NULL),
	(17461, b'1', 0, 0, 'Required seat reservation fee', b'1', '2022-02-20', 'DEBIT', 12352, NULL, NULL),
	(17462, b'1', 0, 0, 'Required seat reservation fee', b'1', '2022-02-20', 'DEBIT', 12348, NULL, NULL),
	(17463, b'1', 0, 1000, 'Required seat reservation fee', b'1', '2022-02-20', 'DEBIT', 12361, NULL, NULL),
	(17464, b'1', 0, 0, 'Required seat reservation fee', b'1', '2022-02-20', 'DEBIT', 12349, NULL, NULL),
	(17465, b'1', 0, 1000, 'Required seat reservation fee', b'1', '2022-02-20', 'DEBIT', 12351, NULL, NULL);
/*!40000 ALTER TABLE `financialtrx` ENABLE KEYS */;

-- Dumping structure for table eduard.logrecord
DROP TABLE IF EXISTS `logrecord`;
CREATE TABLE IF NOT EXISTS `logrecord` (
  `id` bigint(20) NOT NULL AUTO_INCREMENT,
  `message` longtext COLLATE utf8_hungarian_ci DEFAULT NULL,
  `recordDate` datetime DEFAULT NULL,
  `userName` varchar(255) COLLATE utf8_hungarian_ci DEFAULT NULL,
  PRIMARY KEY (`id`)
) ENGINE=InnoDB AUTO_INCREMENT=15472 DEFAULT CHARSET=utf8 COLLATE=utf8_hungarian_ci;

-- Dumping data for table eduard.logrecord: ~239 rows (approximately)
/*!40000 ALTER TABLE `logrecord` DISABLE KEYS */;
INSERT INTO `logrecord` (`id`, `message`, `recordDate`, `userName`) VALUES
	(15218, 'Logged in: Admin, Kate as admin from 127.0.0.1 using Mozilla/5.0 (Windows NT 10.0; Win64; x64; rv:85.0) Gecko/20100101 Firefox/85.0', '2021-02-12 10:28:53', 'Admin, Kate'),
	(15219, 'Logged in: Superadmin, Susan as superMHSC from 127.0.0.1 using Mozilla/5.0 (Windows NT 10.0; Win64; x64; rv:85.0) Gecko/20100101 Firefox/85.0', '2021-02-12 10:42:36', 'Superadmin, Susan'),
	(15220, 'Logged in: Agent, Bob as agent from 127.0.0.1 using Mozilla/5.0 (Windows NT 10.0; Win64; x64; rv:85.0) Gecko/20100101 Firefox/85.0', '2021-02-12 20:00:36', 'Agent, Bob'),
	(15221, 'Logged in: Agent, Bob as agent from 127.0.0.1 using Mozilla/5.0 (Windows NT 10.0; Win64; x64; rv:85.0) Gecko/20100101 Firefox/85.0', '2021-02-13 09:46:32', 'Agent, Bob'),
	(15222, 'Logged in: Agent, Bob as agent from 127.0.0.1 using Mozilla/5.0 (Windows NT 10.0; Win64; x64; rv:85.0) Gecko/20100101 Firefox/85.0', '2021-02-13 12:54:54', 'Agent, Bob'),
	(15223, 'Logged in: Agent, Bob as agent from 127.0.0.1 using Mozilla/5.0 (Windows NT 10.0; Win64; x64; rv:85.0) Gecko/20100101 Firefox/85.0', '2021-02-13 18:16:18', 'Agent, Bob'),
	(15224, 'Logged in: Agent, Bob as agent from 127.0.0.1 using Mozilla/5.0 (Windows NT 10.0; Win64; x64; rv:85.0) Gecko/20100101 Firefox/85.0', '2021-02-13 18:48:27', 'Agent, Bob'),
	(15225, 'Logged in: Admin, Kate as admin from 127.0.0.1 using Mozilla/5.0 (Windows NT 10.0; Win64; x64; rv:85.0) Gecko/20100101 Firefox/85.0', '2021-02-14 10:55:17', 'Admin, Kate'),
	(15226, 'Logged in: Admin, Kate as admin from 127.0.0.1 using Mozilla/5.0 (Windows NT 10.0; Win64; x64; rv:85.0) Gecko/20100101 Firefox/85.0', '2021-02-14 12:05:14', 'Admin, Kate'),
	(15227, 'Logged in: Admin, Kate as admin from 127.0.0.1 using Mozilla/5.0 (Windows NT 10.0; Win64; x64; rv:85.0) Gecko/20100101 Firefox/85.0', '2021-02-14 13:36:14', 'Admin, Kate'),
	(15228, 'Logged in: Admin, Kate as admin from 127.0.0.1 using Mozilla/5.0 (Windows NT 10.0; Win64; x64; rv:85.0) Gecko/20100101 Firefox/85.0', '2021-02-14 13:49:41', 'Admin, Kate'),
	(15229, 'Logged in: Superadmin, Susan as superMHSC from 127.0.0.1 using Mozilla/5.0 (Windows NT 10.0; Win64; x64; rv:85.0) Gecko/20100101 Firefox/85.0', '2021-02-14 14:07:29', 'Superadmin, Susan'),
	(15230, 'Logged in: Admin, Kate as admin from 127.0.0.1 using Mozilla/5.0 (Windows NT 10.0; Win64; x64; rv:85.0) Gecko/20100101 Firefox/85.0', '2021-02-14 14:35:44', 'Admin, Kate'),
	(15231, 'Logged in: Admin, Kate as admin from 127.0.0.1 using Mozilla/5.0 (Windows NT 10.0; Win64; x64; rv:85.0) Gecko/20100101 Firefox/85.0', '2021-02-14 14:57:16', 'Admin, Kate'),
	(15232, 'Logged in: Admin, Kate as admin from 127.0.0.1 using Mozilla/5.0 (Windows NT 10.0; Win64; x64; rv:85.0) Gecko/20100101 Firefox/85.0', '2021-02-14 17:24:47', 'Admin, Kate'),
	(15233, 'Logged in: Admin, Kate as admin from 127.0.0.1 using Mozilla/5.0 (Windows NT 10.0; Win64; x64; rv:85.0) Gecko/20100101 Firefox/85.0', '2021-02-14 18:34:58', 'Admin, Kate'),
	(15234, 'Logged in: Admin, Kate as admin from 127.0.0.1 using Mozilla/5.0 (Windows NT 10.0; Win64; x64; rv:85.0) Gecko/20100101 Firefox/85.0', '2021-02-14 19:30:31', 'Admin, Kate'),
	(15235, 'Logged in: Admin, Kate as admin from 127.0.0.1 using Mozilla/5.0 (Windows NT 10.0; Win64; x64; rv:85.0) Gecko/20100101 Firefox/85.0', '2021-02-14 20:08:55', 'Admin, Kate'),
	(15236, 'Logged in: Admin, Kate as admin from 127.0.0.1 using Mozilla/5.0 (Windows NT 10.0; Win64; x64; rv:85.0) Gecko/20100101 Firefox/85.0', '2021-02-14 21:10:44', 'Admin, Kate'),
	(15237, 'Logged in: Admin, Kate as admin from 127.0.0.1 using Mozilla/5.0 (Windows NT 10.0; Win64; x64; rv:85.0) Gecko/20100101 Firefox/85.0', '2021-02-15 10:13:26', 'Admin, Kate'),
	(15238, 'Logged in: Admin, Kate as admin from 127.0.0.1 using Mozilla/5.0 (Windows NT 10.0; Win64; x64; rv:85.0) Gecko/20100101 Firefox/85.0', '2021-02-15 11:04:45', 'Admin, Kate'),
	(15239, 'Logged in: Admin, Kate as admin from 127.0.0.1 using Mozilla/5.0 (Windows NT 10.0; Win64; x64; rv:85.0) Gecko/20100101 Firefox/85.0', '2021-02-15 13:37:37', 'Admin, Kate'),
	(15240, 'Logged in: Admin, Kate as admin from 127.0.0.1 using Mozilla/5.0 (Windows NT 10.0; Win64; x64; rv:85.0) Gecko/20100101 Firefox/85.0', '2021-02-15 14:21:18', 'Admin, Kate'),
	(15241, 'Logged in: Admin, Kate as admin from 127.0.0.1 using Mozilla/5.0 (Windows NT 10.0; Win64; x64; rv:85.0) Gecko/20100101 Firefox/85.0', '2021-02-15 22:55:55', 'Admin, Kate'),
	(15242, 'Logged in: Admin, Kate as admin from 127.0.0.1 using Mozilla/5.0 (Windows NT 10.0; Win64; x64; rv:85.0) Gecko/20100101 Firefox/85.0', '2021-02-16 00:29:18', 'Admin, Kate'),
	(15243, 'Logged in: Admin, Kate as admin from 127.0.0.1 using Mozilla/5.0 (Windows NT 10.0; Win64; x64; rv:85.0) Gecko/20100101 Firefox/85.0', '2021-02-18 12:00:29', 'Admin, Kate'),
	(15244, 'Logged in: Admin, Kate as admin from 127.0.0.1 using Mozilla/5.0 (Windows NT 10.0; Win64; x64; rv:85.0) Gecko/20100101 Firefox/85.0', '2021-02-19 16:55:32', 'Admin, Kate'),
	(15245, 'Logged in: Agent, Bob as agent from 127.0.0.1 using Mozilla/5.0 (Windows NT 10.0; Win64; x64; rv:85.0) Gecko/20100101 Firefox/85.0', '2021-02-19 17:04:29', 'Agent, Bob'),
	(15246, 'Logged in: Admin, Rita as caaesAdmin from 127.0.0.1 using Mozilla/5.0 (Windows NT 10.0; Win64; x64; rv:85.0) Gecko/20100101 Firefox/85.0', '2021-02-24 21:50:53', 'Admin, Rita'),
	(15247, 'Logged in: Superadmin, Susan as superCAHS from 127.0.0.1 using Mozilla/5.0 (Windows NT 10.0; Win64; x64; rv:85.0) Gecko/20100101 Firefox/85.0', '2021-02-24 22:14:07', 'Superadmin, Susan'),
	(15248, 'Logged in: Superadmin, Susan as superCAHS from 127.0.0.1 using Mozilla/5.0 (Windows NT 10.0; Win64; x64; rv:85.0) Gecko/20100101 Firefox/85.0', '2021-02-24 22:14:25', 'Superadmin, Susan'),
	(15249, 'Logged in: Admin, Rita as caaesAdmin from 127.0.0.1 using Mozilla/5.0 (Windows NT 10.0; Win64; x64; rv:85.0) Gecko/20100101 Firefox/85.0', '2021-02-26 20:37:17', 'Admin, Rita'),
	(15250, 'Logged in: Admin, Kate as admin from 127.0.0.1 using Mozilla/5.0 (Windows NT 10.0; Win64; x64; rv:85.0) Gecko/20100101 Firefox/85.0', '2021-02-26 20:48:02', 'Admin, Kate'),
	(15251, 'Logged in: Agent, Bob as agent from 127.0.0.1 using Mozilla/5.0 (Windows NT 10.0; Win64; x64; rv:85.0) Gecko/20100101 Firefox/85.0', '2021-02-26 20:52:50', 'Agent, Bob'),
	(15252, 'Logged in: Agent, Bob as agent from 127.0.0.1 using Mozilla/5.0 (Windows NT 10.0; Win64; x64; rv:85.0) Gecko/20100101 Firefox/85.0', '2021-02-26 20:58:04', 'Agent, Bob'),
	(15253, 'Logged in: Agent, Bob as agent from 127.0.0.1 using Mozilla/5.0 (Windows NT 10.0; Win64; x64; rv:85.0) Gecko/20100101 Firefox/85.0', '2021-02-26 21:00:49', 'Agent, Bob'),
	(15254, 'Logged in: Agent, Bob as agent from 127.0.0.1 using Mozilla/5.0 (Windows NT 10.0; Win64; x64; rv:85.0) Gecko/20100101 Firefox/85.0', '2021-02-26 21:01:33', 'Agent, Bob'),
	(15255, 'Logged in: Agent, Bob as agent from 127.0.0.1 using Mozilla/5.0 (Windows NT 10.0; Win64; x64; rv:85.0) Gecko/20100101 Firefox/85.0', '2021-02-26 21:02:02', 'Agent, Bob'),
	(15256, 'Logged in: Agent, Bob as agent from 127.0.0.1 using Mozilla/5.0 (Windows NT 10.0; Win64; x64; rv:85.0) Gecko/20100101 Firefox/85.0', '2021-02-26 21:24:14', 'Agent, Bob'),
	(15257, 'Logged in: Agent, Bob as agent from 127.0.0.1 using Mozilla/5.0 (Windows NT 10.0; Win64; x64; rv:85.0) Gecko/20100101 Firefox/85.0', '2021-02-26 21:25:37', 'Agent, Bob'),
	(15258, 'Logged in: Agent, Bob as agent from 127.0.0.1 using Mozilla/5.0 (Windows NT 10.0; Win64; x64; rv:85.0) Gecko/20100101 Firefox/85.0', '2021-02-26 21:27:03', 'Agent, Bob'),
	(15259, 'Logged in: Agent, Bob as agent from 127.0.0.1 using Mozilla/5.0 (Windows NT 10.0; Win64; x64; rv:85.0) Gecko/20100101 Firefox/85.0', '2021-02-26 21:27:49', 'Agent, Bob'),
	(15260, 'Logged in: Agent, Bob as agent from 127.0.0.1 using Mozilla/5.0 (Windows NT 10.0; Win64; x64; rv:85.0) Gecko/20100101 Firefox/85.0', '2021-02-26 21:28:03', 'Agent, Bob'),
	(15261, 'Logged in: Agent, Bob as agent from 127.0.0.1 using Mozilla/5.0 (Windows NT 10.0; Win64; x64; rv:85.0) Gecko/20100101 Firefox/85.0', '2021-02-26 21:28:56', 'Agent, Bob'),
	(15262, 'Logged in: Agent, Bob as agent from 127.0.0.1 using Mozilla/5.0 (Windows NT 10.0; Win64; x64; rv:85.0) Gecko/20100101 Firefox/85.0', '2021-02-26 21:30:30', 'Agent, Bob'),
	(15263, 'Logged in: Agent, Bob as agent from 127.0.0.1 using Mozilla/5.0 (Windows NT 10.0; Win64; x64; rv:85.0) Gecko/20100101 Firefox/85.0', '2021-02-26 21:40:12', 'Agent, Bob'),
	(15264, 'Logged in: Admin, Kate as admin from 127.0.0.1 using Mozilla/5.0 (Windows NT 10.0; Win64; x64; rv:85.0) Gecko/20100101 Firefox/85.0', '2021-02-26 21:50:29', 'Admin, Kate'),
	(15265, 'Logged in: Admin, Kate as admin from 127.0.0.1 using Mozilla/5.0 (Windows NT 10.0; Win64; x64; rv:85.0) Gecko/20100101 Firefox/85.0', '2021-02-26 21:55:12', 'Admin, Kate'),
	(15266, 'Logged in: Admin, Kate as admin from 127.0.0.1 using Mozilla/5.0 (Windows NT 10.0; Win64; x64; rv:85.0) Gecko/20100101 Firefox/85.0', '2021-02-26 21:57:02', 'Admin, Kate'),
	(15267, 'Logged in: Admin, Kate as admin from 127.0.0.1 using Mozilla/5.0 (Windows NT 10.0; Win64; x64; rv:85.0) Gecko/20100101 Firefox/85.0', '2021-02-26 22:21:15', 'Admin, Kate'),
	(15268, 'Logged in: Admin, Kate as admin from 127.0.0.1 using Mozilla/5.0 (Windows NT 10.0; Win64; x64; rv:85.0) Gecko/20100101 Firefox/85.0', '2021-02-26 22:23:12', 'Admin, Kate'),
	(15269, 'Logged in: Admin, Kate as admin from 127.0.0.1 using Mozilla/5.0 (Windows NT 10.0; Win64; x64; rv:85.0) Gecko/20100101 Firefox/85.0', '2021-02-26 22:37:37', 'Admin, Kate'),
	(15270, 'Logged in: Agent, Bob as agent from 127.0.0.1 using Mozilla/5.0 (Windows NT 10.0; Win64; x64; rv:85.0) Gecko/20100101 Firefox/85.0', '2021-02-26 22:37:55', 'Agent, Bob'),
	(15271, 'Logged in: Admin, Kate as admin from 127.0.0.1 using Mozilla/5.0 (Windows NT 10.0; Win64; x64; rv:86.0) Gecko/20100101 Firefox/86.0', '2021-02-27 20:51:46', 'Admin, Kate'),
	(15272, 'Logged in: Admin, Kate as admin from 127.0.0.1 using Mozilla/5.0 (Windows NT 10.0; Win64; x64; rv:86.0) Gecko/20100101 Firefox/86.0', '2021-02-27 21:24:55', 'Admin, Kate'),
	(15273, 'Logged in: Test, Admin as testadmin from 127.0.0.1 using Mozilla/5.0 (Windows NT 10.0; Win64; x64; rv:86.0) Gecko/20100101 Firefox/86.0', '2021-02-27 21:26:56', 'Test, Admin'),
	(15274, 'Logged in: Admin, Kate as admin from 127.0.0.1 using Mozilla/5.0 (Windows NT 10.0; Win64; x64; rv:86.0) Gecko/20100101 Firefox/86.0', '2021-02-27 22:58:55', 'Admin, Kate'),
	(15275, 'During student self application attempt, document upload broke down!', '2021-02-28 09:49:29', 'Student: Smith, Ann'),
	(15276, 'Logged in: Admin, Kate as admin from 127.0.0.1 using Mozilla/5.0 (Windows NT 10.0; Win64; x64; rv:86.0) Gecko/20100101 Firefox/86.0', '2021-02-28 10:03:23', 'Admin, Kate'),
	(15277, 'Logged in: Agent, Bob as agent from 127.0.0.1 using Mozilla/5.0 (Windows NT 10.0; Win64; x64; rv:86.0) Gecko/20100101 Firefox/86.0', '2021-02-28 16:12:35', 'Agent, Bob'),
	(15278, 'Logged in: Agent, Bob as agent from 127.0.0.1 using Mozilla/5.0 (Windows NT 10.0; Win64; x64; rv:86.0) Gecko/20100101 Firefox/86.0', '2021-02-28 16:26:20', 'Agent, Bob'),
	(15279, 'Logged in: Agent, Bob as agent from 127.0.0.1 using Mozilla/5.0 (Windows NT 10.0; Win64; x64; rv:86.0) Gecko/20100101 Firefox/86.0', '2021-02-28 16:27:10', 'Agent, Bob'),
	(15280, 'Logged in: Agent, Bob as agent from 127.0.0.1 using Mozilla/5.0 (Windows NT 10.0; Win64; x64; rv:86.0) Gecko/20100101 Firefox/86.0', '2021-02-28 16:31:17', 'Agent, Bob'),
	(15281, 'Logged in: Agent, Bob as agent from 127.0.0.1 using Mozilla/5.0 (Windows NT 10.0; Win64; x64; rv:86.0) Gecko/20100101 Firefox/86.0', '2021-02-28 17:58:15', 'Agent, Bob'),
	(15282, 'Logged in: Admin, Kate as admin from 127.0.0.1 using Mozilla/5.0 (Windows NT 10.0; Win64; x64; rv:86.0) Gecko/20100101 Firefox/86.0', '2021-02-28 18:11:15', 'Admin, Kate'),
	(15283, 'Logged in: Agent, Bob as agent from 127.0.0.1 using Mozilla/5.0 (Windows NT 10.0; Win64; x64; rv:86.0) Gecko/20100101 Firefox/86.0', '2021-02-28 18:13:28', 'Agent, Bob'),
	(15284, 'Logged in: Admin, Kate as admin from 127.0.0.1 using Mozilla/5.0 (Windows NT 10.0; Win64; x64; rv:86.0) Gecko/20100101 Firefox/86.0', '2021-02-28 18:14:12', 'Admin, Kate'),
	(15285, 'Logged in: Admin, Kate as admin from 127.0.0.1 using Mozilla/5.0 (Windows NT 10.0; Win64; x64; rv:86.0) Gecko/20100101 Firefox/86.0', '2021-02-28 18:16:07', 'Admin, Kate'),
	(15286, 'Logged in: Agent, Bob as agent from 127.0.0.1 using Mozilla/5.0 (Windows NT 10.0; Win64; x64; rv:86.0) Gecko/20100101 Firefox/86.0', '2021-02-28 18:52:13', 'Agent, Bob'),
	(15287, 'Logged in: Agent, Bob as agent from 127.0.0.1 using Mozilla/5.0 (Windows NT 10.0; Win64; x64; rv:86.0) Gecko/20100101 Firefox/86.0', '2021-02-28 18:59:47', 'Agent, Bob'),
	(15288, 'Logged in: Agent, Bob as agent from 127.0.0.1 using Mozilla/5.0 (Windows NT 10.0; Win64; x64; rv:86.0) Gecko/20100101 Firefox/86.0', '2021-02-28 19:05:09', 'Agent, Bob'),
	(15289, 'Logged in: Agent, Bob as agent from 127.0.0.1 using Mozilla/5.0 (Windows NT 10.0; Win64; x64; rv:86.0) Gecko/20100101 Firefox/86.0', '2021-02-28 19:19:48', 'Agent, Bob'),
	(15290, 'Logged in: Agent, Bob as agent from 127.0.0.1 using Mozilla/5.0 (Windows NT 10.0; Win64; x64; rv:86.0) Gecko/20100101 Firefox/86.0', '2021-02-28 19:27:10', 'Agent, Bob'),
	(15291, 'Logged in: Agent, Bob as agent from 127.0.0.1 using Mozilla/5.0 (Windows NT 10.0; Win64; x64; rv:86.0) Gecko/20100101 Firefox/86.0', '2021-02-28 19:28:46', 'Agent, Bob'),
	(15292, 'Logged in: Agent, Bob as agent from 127.0.0.1 using Mozilla/5.0 (Windows NT 10.0; Win64; x64; rv:86.0) Gecko/20100101 Firefox/86.0', '2021-02-28 19:28:59', 'Agent, Bob'),
	(15293, 'Logged in: Agent, Bob as agent from 127.0.0.1 using Mozilla/5.0 (Windows NT 10.0; Win64; x64; rv:86.0) Gecko/20100101 Firefox/86.0', '2021-02-28 19:33:56', 'Agent, Bob'),
	(15294, 'Logged in: Agent, Bob as agent from 127.0.0.1 using Mozilla/5.0 (Windows NT 10.0; Win64; x64; rv:86.0) Gecko/20100101 Firefox/86.0', '2021-02-28 19:34:15', 'Agent, Bob'),
	(15295, 'Logged in: Agent, Bob as agent from 127.0.0.1 using Mozilla/5.0 (Windows NT 10.0; Win64; x64; rv:86.0) Gecko/20100101 Firefox/86.0', '2021-02-28 19:50:17', 'Agent, Bob'),
	(15296, 'Logged in: Agent, Bob as agent from 127.0.0.1 using Mozilla/5.0 (Windows NT 10.0; Win64; x64; rv:86.0) Gecko/20100101 Firefox/86.0', '2021-02-28 19:53:35', 'Agent, Bob'),
	(15297, 'Logged in: Agent, Bob as agent from 127.0.0.1 using Mozilla/5.0 (Windows NT 10.0; Win64; x64; rv:86.0) Gecko/20100101 Firefox/86.0', '2021-02-28 21:22:25', 'Agent, Bob'),
	(15298, 'Logged in: Admin, Kate as admin from 127.0.0.1 using Mozilla/5.0 (Windows NT 10.0; Win64; x64; rv:86.0) Gecko/20100101 Firefox/86.0', '2021-02-28 23:02:23', 'Admin, Kate'),
	(15299, 'Logged in: Admin, Kate as admin from 127.0.0.1 using Mozilla/5.0 (Windows NT 10.0; Win64; x64; rv:86.0) Gecko/20100101 Firefox/86.0', '2021-02-28 23:23:50', 'Admin, Kate'),
	(15300, 'Logged in: Admin, Kate as admin from 127.0.0.1 using Mozilla/5.0 (Windows NT 10.0; Win64; x64; rv:86.0) Gecko/20100101 Firefox/86.0', '2021-03-02 17:19:31', 'Admin, Kate'),
	(15301, 'Logged in: Admin, Kate as admin from 127.0.0.1 using Mozilla/5.0 (Windows NT 10.0; Win64; x64; rv:86.0) Gecko/20100101 Firefox/86.0', '2021-03-02 20:56:08', 'Admin, Kate'),
	(15302, 'Logged in: Admin, Kate as admin from 127.0.0.1 using Mozilla/5.0 (Windows NT 10.0; Win64; x64; rv:86.0) Gecko/20100101 Firefox/86.0', '2021-03-02 21:45:58', 'Admin, Kate'),
	(15303, 'Logged in: Test, Admin as testadmin from 127.0.0.1 using Mozilla/5.0 (Windows NT 10.0; Win64; x64; rv:86.0) Gecko/20100101 Firefox/86.0', '2021-03-02 22:10:35', 'Test, Admin'),
	(15304, 'Logged in: Admin, Kate as admin from 127.0.0.1 using Mozilla/5.0 (Windows NT 10.0; Win64; x64; rv:86.0) Gecko/20100101 Firefox/86.0', '2021-03-03 10:34:25', 'Admin, Kate'),
	(15305, 'Logged in: Admin, Kate as admin from 127.0.0.1 using Mozilla/5.0 (Windows NT 10.0; Win64; x64; rv:86.0) Gecko/20100101 Firefox/86.0', '2021-03-03 10:35:07', 'Admin, Kate'),
	(15306, 'Logged in: Reader, Bob as reader1 from 127.0.0.1 using Mozilla/5.0 (Windows NT 10.0; Win64; x64; rv:86.0) Gecko/20100101 Firefox/86.0', '2021-03-03 10:35:27', 'Reader, Bob'),
	(15307, 'Logged in: Admin, Kate as admin from 127.0.0.1 using Mozilla/5.0 (Windows NT 10.0; Win64; x64; rv:86.0) Gecko/20100101 Firefox/86.0', '2021-03-03 12:03:05', 'Admin, Kate'),
	(15308, 'Logged in: Admin, Kate as admin from 127.0.0.1 using Mozilla/5.0 (Windows NT 10.0; Win64; x64; rv:86.0) Gecko/20100101 Firefox/86.0', '2021-03-03 14:44:42', 'Admin, Kate'),
	(15309, 'Logged in: Admin, Kate as admin from 127.0.0.1 using Mozilla/5.0 (Windows NT 10.0; Win64; x64; rv:86.0) Gecko/20100101 Firefox/86.0', '2021-03-03 15:34:12', 'Admin, Kate'),
	(15310, 'Logged in: Admin, Kate as admin from 127.0.0.1 using Mozilla/5.0 (Windows NT 10.0; Win64; x64; rv:86.0) Gecko/20100101 Firefox/86.0', '2021-03-03 16:39:00', 'Admin, Kate'),
	(15311, 'Logged in: Admin, Kate as admin from 127.0.0.1 using Mozilla/5.0 (Windows NT 10.0; Win64; x64; rv:86.0) Gecko/20100101 Firefox/86.0', '2021-03-03 19:53:27', 'Admin, Kate'),
	(15312, 'Logged in: Admin, Kate as admin from 127.0.0.1 using Mozilla/5.0 (Windows NT 10.0; Win64; x64; rv:86.0) Gecko/20100101 Firefox/86.0', '2021-03-03 20:00:58', 'Admin, Kate'),
	(15313, 'Logged in: Reader, Bob as reader1 from 127.0.0.1 using Mozilla/5.0 (Windows NT 10.0; Win64; x64; rv:86.0) Gecko/20100101 Firefox/86.0', '2021-03-03 22:33:00', 'Reader, Bob'),
	(15314, 'Logged in: Agent, Bob as agent from 127.0.0.1 using Mozilla/5.0 (Windows NT 10.0; Win64; x64; rv:86.0) Gecko/20100101 Firefox/86.0', '2021-03-03 22:43:11', 'Agent, Bob'),
	(15315, 'Logged in: Agent, Bob as agent from 127.0.0.1 using Mozilla/5.0 (Windows NT 10.0; Win64; x64; rv:86.0) Gecko/20100101 Firefox/86.0', '2021-03-03 22:46:55', 'Agent, Bob'),
	(15316, 'Logged in: Admin, Kate as admin from 127.0.0.1 using Mozilla/5.0 (Windows NT 10.0; Win64; x64; rv:86.0) Gecko/20100101 Firefox/86.0', '2021-03-04 10:38:12', 'Admin, Kate'),
	(15317, 'Logged in: Admin, Kate as admin from 127.0.0.1 using Mozilla/5.0 (Windows NT 10.0; Win64; x64; rv:86.0) Gecko/20100101 Firefox/86.0', '2021-03-04 16:23:50', 'Admin, Kate'),
	(15318, 'Logged in: Agent, Bob as agent from 127.0.0.1 using Mozilla/5.0 (Windows NT 10.0; Win64; x64; rv:86.0) Gecko/20100101 Firefox/86.0', '2021-03-05 09:33:47', 'Agent, Bob'),
	(15319, 'Logged in: Admin, Kate as admin from 127.0.0.1 using Mozilla/5.0 (Windows NT 10.0; Win64; x64; rv:86.0) Gecko/20100101 Firefox/86.0', '2021-03-05 09:34:17', 'Admin, Kate'),
	(15320, 'Logged in: Admin, Kate as admin from 127.0.0.1 using Mozilla/5.0 (Windows NT 10.0; Win64; x64; rv:86.0) Gecko/20100101 Firefox/86.0', '2021-03-05 09:40:47', 'Admin, Kate'),
	(15321, 'Logged in: Agent, Bob as agent from 127.0.0.1 using Mozilla/5.0 (Windows NT 10.0; Win64; x64; rv:86.0) Gecko/20100101 Firefox/86.0', '2021-03-05 09:42:47', 'Agent, Bob'),
	(15322, 'Logged in: Admin, Kate as admin from 127.0.0.1 using Mozilla/5.0 (Windows NT 10.0; Win64; x64; rv:86.0) Gecko/20100101 Firefox/86.0', '2021-03-05 09:54:09', 'Admin, Kate'),
	(15323, 'Logged in: Admin, Kate as admin from 127.0.0.1 using Mozilla/5.0 (Windows NT 10.0; Win64; x64; rv:86.0) Gecko/20100101 Firefox/86.0', '2021-03-05 12:08:23', 'Admin, Kate'),
	(15324, 'Logged in: Agent, Bob as agent from 127.0.0.1 using Mozilla/5.0 (Windows NT 10.0; Win64; x64; rv:86.0) Gecko/20100101 Firefox/86.0', '2021-03-05 12:09:24', 'Agent, Bob'),
	(15325, 'Logged in: Admin, Kate as admin from 127.0.0.1 using Mozilla/5.0 (Windows NT 10.0; Win64; x64; rv:86.0) Gecko/20100101 Firefox/86.0', '2021-03-05 20:37:50', 'Admin, Kate'),
	(15326, 'Logged in: Reader, Bob as reader1 from 127.0.0.1 using Mozilla/5.0 (Windows NT 10.0; Win64; x64; rv:86.0) Gecko/20100101 Firefox/86.0', '2021-03-06 08:11:21', 'Reader, Bob'),
	(15327, 'Logged in: Agent, Bob as agent from 127.0.0.1 using Mozilla/5.0 (Windows NT 10.0; Win64; x64; rv:96.0) Gecko/20100101 Firefox/96.0', '2022-02-06 17:45:24', 'Agent, Bob'),
	(15328, 'Logged in: Agent, Bob as agent from 0:0:0:0:0:0:0:1 using Mozilla/5.0 (Windows NT 10.0; Win64; x64) AppleWebKit/537.36 (KHTML, like Gecko) Chrome/97.0.4692.99 Safari/537.36', '2022-02-06 18:55:50', 'Agent, Bob'),
	(15329, 'Logged in: Admin, Kate as admin from 127.0.0.1 using Mozilla/5.0 (Windows NT 10.0; Win64; x64; rv:96.0) Gecko/20100101 Firefox/96.0', '2022-02-08 20:55:50', 'Admin, Kate'),
	(15330, 'Logged in: Superadmin, Susan as superMHSC from 127.0.0.1 using Mozilla/5.0 (Windows NT 10.0; Win64; x64; rv:96.0) Gecko/20100101 Firefox/96.0', '2022-02-08 20:58:07', 'Superadmin, Susan'),
	(15331, 'Logged in: Agent, Bob as agent from 127.0.0.1 using Mozilla/5.0 (Windows NT 10.0; Win64; x64; rv:96.0) Gecko/20100101 Firefox/96.0', '2022-02-08 21:15:45', 'Agent, Bob'),
	(15332, 'Logged in: Agent, Bob as agent from 127.0.0.1 using Mozilla/5.0 (Windows NT 10.0; Win64; x64; rv:96.0) Gecko/20100101 Firefox/96.0', '2022-02-08 21:49:48', 'Agent, Bob'),
	(15333, 'Logged in: Agent, Bob as agent from 127.0.0.1 using Mozilla/5.0 (Windows NT 10.0; Win64; x64; rv:96.0) Gecko/20100101 Firefox/96.0', '2022-02-08 22:18:15', 'Agent, Bob'),
	(15334, 'Logged in: Admin, Rita as caaesAdmin from 127.0.0.1 using Mozilla/5.0 (Windows NT 10.0; Win64; x64; rv:97.0) Gecko/20100101 Firefox/97.0', '2022-02-09 21:22:34', 'Admin, Rita'),
	(15335, 'Logged in: Agent, Bob as agent from 127.0.0.1 using Mozilla/5.0 (Windows NT 10.0; Win64; x64; rv:97.0) Gecko/20100101 Firefox/97.0', '2022-02-09 21:27:58', 'Agent, Bob'),
	(15336, 'Logged in: Agent, Bob as agent from 127.0.0.1 using Mozilla/5.0 (Windows NT 10.0; Win64; x64; rv:97.0) Gecko/20100101 Firefox/97.0', '2022-02-09 22:29:50', 'Agent, Bob'),
	(15337, 'Logged in: Agent, Bob as agent from 127.0.0.1 using Mozilla/5.0 (Windows NT 10.0; Win64; x64; rv:97.0) Gecko/20100101 Firefox/97.0', '2022-02-10 09:45:24', 'Agent, Bob'),
	(15338, 'Logged in: Agent, Bob as agent from 127.0.0.1 using Mozilla/5.0 (Windows NT 10.0; Win64; x64; rv:97.0) Gecko/20100101 Firefox/97.0', '2022-02-10 10:14:28', 'Agent, Bob'),
	(15339, 'Logged in: Agent, Bob as agent from 127.0.0.1 using Mozilla/5.0 (Windows NT 10.0; Win64; x64; rv:97.0) Gecko/20100101 Firefox/97.0', '2022-02-10 13:08:21', 'Agent, Bob'),
	(15340, 'During student self application attempt, document upload broke down!', '2022-02-10 13:20:12', 'Student: Smith, John'),
	(15341, 'Logged in: Agent, Bob as agent from 127.0.0.1 using Mozilla/5.0 (Windows NT 10.0; Win64; x64; rv:97.0) Gecko/20100101 Firefox/97.0', '2022-02-10 23:32:24', 'Agent, Bob'),
	(15342, 'Logged in: Admin, Kate as admin from 127.0.0.1 using Mozilla/5.0 (Windows NT 10.0; Win64; x64; rv:97.0) Gecko/20100101 Firefox/97.0', '2022-02-10 23:33:02', 'Admin, Kate'),
	(15343, 'Logged in: Agent, Bob as agent from 127.0.0.1 using Mozilla/5.0 (Windows NT 10.0; Win64; x64; rv:97.0) Gecko/20100101 Firefox/97.0', '2022-02-11 19:01:19', 'Agent, Bob'),
	(15344, 'Logged in: Admin, Kate as admin from 127.0.0.1 using Mozilla/5.0 (Windows NT 10.0; Win64; x64; rv:97.0) Gecko/20100101 Firefox/97.0', '2022-02-12 23:53:38', 'Admin, Kate'),
	(15345, 'Logged in: Agent, Bob as agent from 127.0.0.1 using Mozilla/5.0 (Windows NT 10.0; Win64; x64; rv:97.0) Gecko/20100101 Firefox/97.0', '2022-02-12 23:54:21', 'Agent, Bob'),
	(15346, 'Logged in: Admin, Kate as admin from 127.0.0.1 using Mozilla/5.0 (Windows NT 10.0; Win64; x64; rv:97.0) Gecko/20100101 Firefox/97.0', '2022-02-12 23:54:45', 'Admin, Kate'),
	(15347, 'Logged in: Agent, Bob as agent from 127.0.0.1 using Mozilla/5.0 (Windows NT 10.0; Win64; x64; rv:97.0) Gecko/20100101 Firefox/97.0', '2022-02-13 00:09:55', 'Agent, Bob'),
	(15348, 'Logged in: Agent, Bob as agent from 127.0.0.1 using Mozilla/5.0 (Windows NT 10.0; Win64; x64; rv:97.0) Gecko/20100101 Firefox/97.0', '2022-02-13 00:48:38', 'Agent, Bob'),
	(15349, 'Logged in: Agent, Bob as agent from 127.0.0.1 using Mozilla/5.0 (Windows NT 10.0; Win64; x64; rv:97.0) Gecko/20100101 Firefox/97.0', '2022-02-13 12:16:40', 'Agent, Bob'),
	(15350, 'Logged in: Agent, Bob as agent from 127.0.0.1 using Mozilla/5.0 (Windows NT 10.0; Win64; x64; rv:97.0) Gecko/20100101 Firefox/97.0', '2022-02-13 12:46:16', 'Agent, Bob'),
	(15351, 'Logged in: Agent, Bob as agent from 127.0.0.1 using Mozilla/5.0 (Windows NT 10.0; Win64; x64; rv:97.0) Gecko/20100101 Firefox/97.0', '2022-02-13 12:46:37', 'Agent, Bob'),
	(15352, 'Logged in: Admin, Kate as admin from 127.0.0.1 using Mozilla/5.0 (Windows NT 10.0; Win64; x64; rv:97.0) Gecko/20100101 Firefox/97.0', '2022-02-13 12:47:42', 'Admin, Kate'),
	(15353, 'Logged in: Admin, Kate as admin from 127.0.0.1 using Mozilla/5.0 (Windows NT 10.0; Win64; x64; rv:97.0) Gecko/20100101 Firefox/97.0', '2022-02-13 13:00:15', 'Admin, Kate'),
	(15354, 'Logged in: Admin, Kate as admin from 127.0.0.1 using Mozilla/5.0 (Windows NT 10.0; Win64; x64; rv:97.0) Gecko/20100101 Firefox/97.0', '2022-02-13 16:46:00', 'Admin, Kate'),
	(15355, 'Logged in: Admin, Kate as admin from 127.0.0.1 using Mozilla/5.0 (Windows NT 10.0; Win64; x64; rv:97.0) Gecko/20100101 Firefox/97.0', '2022-02-13 16:54:49', 'Admin, Kate'),
	(15356, 'Logged in: Agent, Bob as agent from 127.0.0.1 using Mozilla/5.0 (Windows NT 10.0; Win64; x64; rv:97.0) Gecko/20100101 Firefox/97.0', '2022-02-13 17:02:54', 'Agent, Bob'),
	(15357, 'Logged in: Admin, Kate as admin from 127.0.0.1 using Mozilla/5.0 (Windows NT 10.0; Win64; x64; rv:97.0) Gecko/20100101 Firefox/97.0', '2022-02-13 17:26:52', 'Admin, Kate'),
	(15358, 'Logged in: Agent, Bob as agent from 127.0.0.1 using Mozilla/5.0 (Windows NT 10.0; Win64; x64; rv:97.0) Gecko/20100101 Firefox/97.0', '2022-02-13 17:27:40', 'Agent, Bob'),
	(15359, 'Logged in: Agent, Bob as agent from 127.0.0.1 using Mozilla/5.0 (Windows NT 10.0; Win64; x64; rv:97.0) Gecko/20100101 Firefox/97.0', '2022-02-13 18:04:12', 'Agent, Bob'),
	(15360, 'Logged in: Agent, Bob as agent from 127.0.0.1 using Mozilla/5.0 (Windows NT 10.0; Win64; x64; rv:97.0) Gecko/20100101 Firefox/97.0', '2022-02-13 18:27:38', 'Agent, Bob'),
	(15361, 'Logged in: Agent, Bob as agent from 127.0.0.1 using Mozilla/5.0 (Windows NT 10.0; Win64; x64; rv:97.0) Gecko/20100101 Firefox/97.0', '2022-02-13 19:06:28', 'Agent, Bob'),
	(15362, 'Logged in: Agent, Bob as agent from 127.0.0.1 using Mozilla/5.0 (Windows NT 10.0; Win64; x64; rv:97.0) Gecko/20100101 Firefox/97.0', '2022-02-13 20:03:33', 'Agent, Bob'),
	(15363, 'Logged in: Agent, Bob as agent from 127.0.0.1 using Mozilla/5.0 (Windows NT 10.0; Win64; x64; rv:97.0) Gecko/20100101 Firefox/97.0', '2022-02-13 20:16:30', 'Agent, Bob'),
	(15364, 'Logged in: Reader, Bob as reader1 from 127.0.0.1 using Mozilla/5.0 (Windows NT 10.0; Win64; x64; rv:97.0) Gecko/20100101 Firefox/97.0', '2022-02-13 20:50:18', 'Reader, Bob'),
	(15365, 'Logged in: Reader, Bob as reader1 from 127.0.0.1 using Mozilla/5.0 (Windows NT 10.0; Win64; x64; rv:97.0) Gecko/20100101 Firefox/97.0', '2022-02-13 21:02:51', 'Reader, Bob'),
	(15366, 'Logged in: Reader, Bob as reader1 from 127.0.0.1 using Mozilla/5.0 (Windows NT 10.0; Win64; x64; rv:97.0) Gecko/20100101 Firefox/97.0', '2022-02-13 21:35:15', 'Reader, Bob'),
	(15367, 'Logged in: Reader2, Jacob as reader2 from 127.0.0.1 using Mozilla/5.0 (Windows NT 10.0; Win64; x64; rv:97.0) Gecko/20100101 Firefox/97.0', '2022-02-13 21:37:46', 'Reader2, Jacob'),
	(15368, 'Logged in: Reader, Bob as reader1 from 127.0.0.1 using Mozilla/5.0 (Windows NT 10.0; Win64; x64; rv:97.0) Gecko/20100101 Firefox/97.0', '2022-02-13 21:42:22', 'Reader, Bob'),
	(15369, 'Logged in: Reader, Bob as reader1 from 127.0.0.1 using Mozilla/5.0 (Windows NT 10.0; Win64; x64; rv:97.0) Gecko/20100101 Firefox/97.0', '2022-02-13 22:22:37', 'Reader, Bob'),
	(15370, 'Logged in: Agent, Bob as agent from 127.0.0.1 using Mozilla/5.0 (Windows NT 10.0; Win64; x64; rv:97.0) Gecko/20100101 Firefox/97.0', '2022-02-13 22:29:43', 'Agent, Bob'),
	(15371, 'Logged in: Admin, Kate as admin from 127.0.0.1 using Mozilla/5.0 (Windows NT 10.0; Win64; x64; rv:97.0) Gecko/20100101 Firefox/97.0', '2022-02-13 22:31:18', 'Admin, Kate'),
	(15372, 'Logged in: Agent, Bob as agent from 127.0.0.1 using Mozilla/5.0 (Windows NT 10.0; Win64; x64; rv:97.0) Gecko/20100101 Firefox/97.0', '2022-02-13 22:46:13', 'Agent, Bob'),
	(15373, 'Logged in: Agent, Bob as agent from 127.0.0.1 using Mozilla/5.0 (Windows NT 10.0; Win64; x64; rv:97.0) Gecko/20100101 Firefox/97.0', '2022-02-13 22:58:04', 'Agent, Bob'),
	(15374, 'Logged in: Superadmin, Susan as superCAHS from 127.0.0.1 using Mozilla/5.0 (Windows NT 10.0; Win64; x64; rv:97.0) Gecko/20100101 Firefox/97.0', '2022-02-14 00:07:41', 'Superadmin, Susan'),
	(15375, 'Logged in: Admin, Kate as admin from 127.0.0.1 using Mozilla/5.0 (Windows NT 10.0; Win64; x64; rv:97.0) Gecko/20100101 Firefox/97.0', '2022-02-14 00:18:26', 'Admin, Kate'),
	(15376, 'Logged in: Agent, Bob as agent from 127.0.0.1 using Mozilla/5.0 (Windows NT 10.0; Win64; x64; rv:97.0) Gecko/20100101 Firefox/97.0', '2022-02-14 00:39:20', 'Agent, Bob'),
	(15377, 'Logged in: Agent, Bob as agent from 127.0.0.1 using Mozilla/5.0 (Windows NT 10.0; Win64; x64; rv:97.0) Gecko/20100101 Firefox/97.0', '2022-02-14 00:53:18', 'Agent, Bob'),
	(15378, 'Logged in: Admin, Kate as admin from 127.0.0.1 using Mozilla/5.0 (Windows NT 10.0; Win64; x64; rv:97.0) Gecko/20100101 Firefox/97.0', '2022-02-14 01:13:34', 'Admin, Kate'),
	(15379, 'Logged in: Admin, Kate as admin from 127.0.0.1 using Mozilla/5.0 (Windows NT 10.0; Win64; x64; rv:97.0) Gecko/20100101 Firefox/97.0', '2022-02-14 01:16:21', 'Admin, Kate'),
	(15380, 'Logged in: Admin, Kate as admin from 127.0.0.1 using Mozilla/5.0 (Windows NT 10.0; Win64; x64; rv:97.0) Gecko/20100101 Firefox/97.0', '2022-02-14 01:43:03', 'Admin, Kate'),
	(15381, 'Logged in: Reader2, Jacob as reader2 from 127.0.0.1 using Mozilla/5.0 (Windows NT 10.0; Win64; x64; rv:97.0) Gecko/20100101 Firefox/97.0', '2022-02-14 10:51:51', 'Reader2, Jacob'),
	(15382, 'Logged in: Agent, Bob as agent from 127.0.0.1 using Mozilla/5.0 (Windows NT 10.0; Win64; x64; rv:97.0) Gecko/20100101 Firefox/97.0', '2022-02-14 13:37:38', 'Agent, Bob'),
	(15383, 'Logged in: Agent, Bob as agent from 127.0.0.1 using Mozilla/5.0 (Windows NT 10.0; Win64; x64; rv:97.0) Gecko/20100101 Firefox/97.0', '2022-02-14 14:12:21', 'Agent, Bob'),
	(15384, 'Logged in: Reader, Bob as reader1 from 127.0.0.1 using Mozilla/5.0 (Windows NT 10.0; Win64; x64; rv:97.0) Gecko/20100101 Firefox/97.0', '2022-02-14 15:39:55', 'Reader, Bob'),
	(15385, 'Logged in: Agent, Bob as agent from 127.0.0.1 using Mozilla/5.0 (Windows NT 10.0; Win64; x64; rv:97.0) Gecko/20100101 Firefox/97.0', '2022-02-14 21:34:07', 'Agent, Bob'),
	(15386, 'Logged in: Agent, Bob as agent from 127.0.0.1 using Mozilla/5.0 (Windows NT 10.0; Win64; x64; rv:97.0) Gecko/20100101 Firefox/97.0', '2022-02-14 21:53:32', 'Agent, Bob'),
	(15387, 'Logged in: Agent, Bob as agent from 127.0.0.1 using Mozilla/5.0 (Windows NT 10.0; Win64; x64; rv:97.0) Gecko/20100101 Firefox/97.0', '2022-02-14 22:14:14', 'Agent, Bob'),
	(15388, 'Logged in: Agent, Bob as agent from 127.0.0.1 using Mozilla/5.0 (Windows NT 10.0; Win64; x64; rv:97.0) Gecko/20100101 Firefox/97.0', '2022-02-14 22:44:16', 'Agent, Bob'),
	(15389, 'Logged in: Agent, Bob as agent from 127.0.0.1 using Mozilla/5.0 (Windows NT 10.0; Win64; x64; rv:97.0) Gecko/20100101 Firefox/97.0', '2022-02-14 22:44:35', 'Agent, Bob'),
	(15390, 'Logged in: Agent, Bob as agent from 127.0.0.1 using Mozilla/5.0 (Windows NT 10.0; Win64; x64; rv:97.0) Gecko/20100101 Firefox/97.0', '2022-02-15 11:41:07', 'Agent, Bob'),
	(15391, 'Logged in: Agent, Bob as agent from 127.0.0.1 using Mozilla/5.0 (Windows NT 10.0; Win64; x64; rv:97.0) Gecko/20100101 Firefox/97.0', '2022-02-15 22:07:21', 'Agent, Bob'),
	(15392, 'Logged in: Admin, Kate as admin from 127.0.0.1 using Mozilla/5.0 (Windows NT 10.0; Win64; x64; rv:97.0) Gecko/20100101 Firefox/97.0', '2022-02-15 22:11:39', 'Admin, Kate'),
	(15393, 'Logged in: Superadmin, Susan as superCAHS from 127.0.0.1 using Mozilla/5.0 (Windows NT 10.0; Win64; x64; rv:97.0) Gecko/20100101 Firefox/97.0', '2022-02-15 22:17:14', 'Superadmin, Susan'),
	(15394, 'During student self application attempt, document upload broke down!', '2022-02-16 11:44:04', 'Student: Durrel, Susan'),
	(15395, 'Logged in: Admin, Kate as admin from 127.0.0.1 using Mozilla/5.0 (Windows NT 10.0; Win64; x64; rv:97.0) Gecko/20100101 Firefox/97.0', '2022-02-16 11:44:40', 'Admin, Kate'),
	(15396, 'Logged in: Reader2, Jacob as reader2 from 127.0.0.1 using Mozilla/5.0 (Windows NT 10.0; Win64; x64; rv:97.0) Gecko/20100101 Firefox/97.0', '2022-02-16 13:51:08', 'Reader2, Jacob'),
	(15397, 'Logged in: Admin, Kate as admin from 127.0.0.1 using Mozilla/5.0 (Windows NT 10.0; Win64; x64; rv:97.0) Gecko/20100101 Firefox/97.0', '2022-02-16 15:03:25', 'Admin, Kate'),
	(15398, 'Logged in: Admin, Kate as admin from 127.0.0.1 using Mozilla/5.0 (Windows NT 10.0; Win64; x64; rv:97.0) Gecko/20100101 Firefox/97.0', '2022-02-16 17:57:42', 'Admin, Kate'),
	(15399, 'Logged in: Superadmin, Susan as superCAHS from 127.0.0.1 using Mozilla/5.0 (Windows NT 10.0; Win64; x64; rv:97.0) Gecko/20100101 Firefox/97.0', '2022-02-16 23:14:48', 'Superadmin, Susan'),
	(15400, 'Logged in: Superadmin, Susan as superCAHS from 127.0.0.1 using Mozilla/5.0 (Windows NT 10.0; Win64; x64; rv:97.0) Gecko/20100101 Firefox/97.0', '2022-02-16 23:20:24', 'Superadmin, Susan'),
	(15401, 'Logged in: Superadmin, Susan as superCAHS from 127.0.0.1 using Mozilla/5.0 (Windows NT 10.0; Win64; x64; rv:97.0) Gecko/20100101 Firefox/97.0', '2022-02-16 23:22:01', 'Superadmin, Susan'),
	(15402, 'Logged in: Superadmin, Susan as superCAHS from 127.0.0.1 using Mozilla/5.0 (Windows NT 10.0; Win64; x64; rv:97.0) Gecko/20100101 Firefox/97.0', '2022-02-16 23:26:45', 'Superadmin, Susan'),
	(15403, 'Logged in: Agent, Bob as agent from 127.0.0.1 using Mozilla/5.0 (Windows NT 10.0; Win64; x64; rv:97.0) Gecko/20100101 Firefox/97.0', '2022-02-17 00:22:12', 'Agent, Bob'),
	(15404, 'Logged in: Superadmin, Susan as superCAHS from 127.0.0.1 using Mozilla/5.0 (Windows NT 10.0; Win64; x64; rv:97.0) Gecko/20100101 Firefox/97.0', '2022-02-17 00:37:56', 'Superadmin, Susan'),
	(15405, 'Logged in: Admin, Kate as admin from 127.0.0.1 using Mozilla/5.0 (Windows NT 10.0; Win64; x64; rv:97.0) Gecko/20100101 Firefox/97.0', '2022-02-17 07:14:12', 'Admin, Kate'),
	(15406, 'Logged in: Reader2, Jacob as reader2 from 127.0.0.1 using Mozilla/5.0 (Windows NT 10.0; Win64; x64; rv:97.0) Gecko/20100101 Firefox/97.0', '2022-02-17 07:35:46', 'Reader2, Jacob'),
	(15407, 'Logged in: Reader2, Jacob as reader2 from 127.0.0.1 using Mozilla/5.0 (Windows NT 10.0; Win64; x64; rv:97.0) Gecko/20100101 Firefox/97.0', '2022-02-17 08:00:39', 'Reader2, Jacob'),
	(15408, 'Logged in: Admin, Kate as admin from 127.0.0.1 using Mozilla/5.0 (Windows NT 10.0; Win64; x64; rv:97.0) Gecko/20100101 Firefox/97.0', '2022-02-17 08:00:56', 'Admin, Kate'),
	(15409, 'Logged in: Agent, Bob as agent from 127.0.0.1 using Mozilla/5.0 (Windows NT 10.0; Win64; x64; rv:97.0) Gecko/20100101 Firefox/97.0', '2022-02-17 21:46:26', 'Agent, Bob'),
	(15410, 'Logged in: Cahs, Admin as cahsAdmin from 127.0.0.1 using Mozilla/5.0 (Windows NT 10.0; Win64; x64; rv:97.0) Gecko/20100101 Firefox/97.0', '2022-02-18 19:49:33', 'Cahs, Admin'),
	(15411, 'Logged in: Admin, Kate as admin from 127.0.0.1 using Mozilla/5.0 (Windows NT 10.0; Win64; x64; rv:97.0) Gecko/20100101 Firefox/97.0', '2022-02-18 20:00:39', 'Admin, Kate'),
	(15412, 'Logged in: Superadmin, Susan as superMHSC from 127.0.0.1 using Mozilla/5.0 (Windows NT 10.0; Win64; x64; rv:97.0) Gecko/20100101 Firefox/97.0', '2022-02-18 20:01:40', 'Superadmin, Susan'),
	(15413, 'Logged in: Superadmin, Susan as superCAHS from 127.0.0.1 using Mozilla/5.0 (Windows NT 10.0; Win64; x64; rv:97.0) Gecko/20100101 Firefox/97.0', '2022-02-18 20:09:26', 'Superadmin, Susan'),
	(15414, 'Logged in: Cahs, Admin as cahsAdmin from 127.0.0.1 using Mozilla/5.0 (Windows NT 10.0; Win64; x64; rv:97.0) Gecko/20100101 Firefox/97.0', '2022-02-18 20:13:30', 'Cahs, Admin'),
	(15415, 'Logged in: Reader2, Jacob as reader2 from 127.0.0.1 using Mozilla/5.0 (Windows NT 10.0; Win64; x64; rv:97.0) Gecko/20100101 Firefox/97.0', '2022-02-18 20:17:37', 'Reader2, Jacob'),
	(15416, 'Logged in: Reader2, Jacob as reader2 from 127.0.0.1 using Mozilla/5.0 (Windows NT 10.0; Win64; x64; rv:97.0) Gecko/20100101 Firefox/97.0', '2022-02-18 20:44:41', 'Reader2, Jacob'),
	(15417, 'Logged in: Admin, Kate as admin from 127.0.0.1 using Mozilla/5.0 (Windows NT 10.0; Win64; x64; rv:97.0) Gecko/20100101 Firefox/97.0', '2022-02-18 20:45:45', 'Admin, Kate'),
	(15418, 'Logged in: Reader2, Jacob as reader2 from 127.0.0.1 using Mozilla/5.0 (Windows NT 10.0; Win64; x64; rv:97.0) Gecko/20100101 Firefox/97.0', '2022-02-18 20:46:58', 'Reader2, Jacob'),
	(15419, 'Logged in: Reader2, Jacob as reader2 from 127.0.0.1 using Mozilla/5.0 (Windows NT 10.0; Win64; x64; rv:97.0) Gecko/20100101 Firefox/97.0', '2022-02-18 21:07:26', 'Reader2, Jacob'),
	(15420, 'Logged in: Admin, Kate as admin from 127.0.0.1 using Mozilla/5.0 (Windows NT 10.0; Win64; x64; rv:97.0) Gecko/20100101 Firefox/97.0', '2022-02-18 21:08:16', 'Admin, Kate'),
	(15421, 'Logged in: Reader2, Jacob as reader2 from 127.0.0.1 using Mozilla/5.0 (Windows NT 10.0; Win64; x64; rv:97.0) Gecko/20100101 Firefox/97.0', '2022-02-18 21:09:38', 'Reader2, Jacob'),
	(15422, 'Logged in: Admin, Kate as admin from 127.0.0.1 using Mozilla/5.0 (Windows NT 10.0; Win64; x64; rv:97.0) Gecko/20100101 Firefox/97.0', '2022-02-18 21:17:27', 'Admin, Kate'),
	(15423, 'Logged in: Reader2, Jacob as reader2 from 127.0.0.1 using Mozilla/5.0 (Windows NT 10.0; Win64; x64; rv:97.0) Gecko/20100101 Firefox/97.0', '2022-02-18 21:20:43', 'Reader2, Jacob'),
	(15424, 'Logged in: Admin, Kate as admin from 127.0.0.1 using Mozilla/5.0 (Windows NT 10.0; Win64; x64; rv:97.0) Gecko/20100101 Firefox/97.0', '2022-02-18 21:21:19', 'Admin, Kate'),
	(15425, 'Logged in: Reader, Bob as reader1 from 127.0.0.1 using Mozilla/5.0 (Windows NT 10.0; Win64; x64; rv:97.0) Gecko/20100101 Firefox/97.0', '2022-02-18 21:33:39', 'Reader, Bob'),
	(15426, 'Logged in: Admin, Kate as admin from 127.0.0.1 using Mozilla/5.0 (Windows NT 10.0; Win64; x64; rv:97.0) Gecko/20100101 Firefox/97.0', '2022-02-18 21:48:15', 'Admin, Kate'),
	(15427, 'Logged in: Superadmin, Susan as superCAHS from 127.0.0.1 using Mozilla/5.0 (Windows NT 10.0; Win64; x64; rv:97.0) Gecko/20100101 Firefox/97.0', '2022-02-18 21:53:32', 'Superadmin, Susan'),
	(15428, 'Logged in: Admin, Kate as admin from 127.0.0.1 using Mozilla/5.0 (Windows NT 10.0; Win64; x64; rv:97.0) Gecko/20100101 Firefox/97.0', '2022-02-18 21:59:58', 'Admin, Kate'),
	(15429, 'Logged in: Admin, Rita as caaesAdmin from 127.0.0.1 using Mozilla/5.0 (Windows NT 10.0; Win64; x64; rv:97.0) Gecko/20100101 Firefox/97.0', '2022-02-18 22:20:40', 'Admin, Rita'),
	(15430, 'Logged in: Admin, Kate as admin from 127.0.0.1 using Mozilla/5.0 (Windows NT 10.0; Win64; x64; rv:97.0) Gecko/20100101 Firefox/97.0', '2022-02-18 22:27:53', 'Admin, Kate'),
	(15431, 'Logged in: Superadmin, Susan as superCAHS from 127.0.0.1 using Mozilla/5.0 (Windows NT 10.0; Win64; x64; rv:97.0) Gecko/20100101 Firefox/97.0', '2022-02-18 23:02:48', 'Superadmin, Susan'),
	(15432, 'Logged in: Superadmin, Susan as superCAHS from 127.0.0.1 using Mozilla/5.0 (Windows NT 10.0; Win64; x64; rv:97.0) Gecko/20100101 Firefox/97.0', '2022-02-20 12:51:43', 'Superadmin, Susan'),
	(15433, 'Logged in: Superadmin, Susan as superCAHS from 127.0.0.1 using Mozilla/5.0 (Windows NT 10.0; Win64; x64; rv:97.0) Gecko/20100101 Firefox/97.0', '2022-02-20 13:41:47', 'Superadmin, Susan'),
	(15434, 'Logged in: Admin, Rita as caaesAdmin from 127.0.0.1 using Mozilla/5.0 (Windows NT 10.0; Win64; x64; rv:97.0) Gecko/20100101 Firefox/97.0', '2022-02-20 15:23:46', 'Admin, Rita'),
	(15435, 'Logged in: Superadmin, Susan as superCAHS from 127.0.0.1 using Mozilla/5.0 (Windows NT 10.0; Win64; x64; rv:97.0) Gecko/20100101 Firefox/97.0', '2022-02-20 16:27:54', 'Superadmin, Susan'),
	(15436, 'Logged in: Admin, Kate as admin from 127.0.0.1 using Mozilla/5.0 (Windows NT 10.0; Win64; x64; rv:97.0) Gecko/20100101 Firefox/97.0', '2022-02-20 16:42:24', 'Admin, Kate'),
	(15437, 'Logged in: Admin, Kate as admin from 127.0.0.1 using Mozilla/5.0 (Windows NT 10.0; Win64; x64; rv:97.0) Gecko/20100101 Firefox/97.0', '2022-02-20 17:52:52', 'Admin, Kate'),
	(15438, 'Logged in: Admin, Kate as admin from 127.0.0.1 using Mozilla/5.0 (Windows NT 10.0; Win64; x64; rv:97.0) Gecko/20100101 Firefox/97.0', '2022-02-20 18:08:24', 'Admin, Kate'),
	(15439, 'Logged in: Admin, Kate as admin from 127.0.0.1 using Mozilla/5.0 (Windows NT 10.0; Win64; x64; rv:97.0) Gecko/20100101 Firefox/97.0', '2022-02-20 18:30:09', 'Admin, Kate'),
	(15440, 'Logged in: Szaboj, Szaboj as szaboj from 127.0.0.1 using Mozilla/5.0 (Windows NT 10.0; Win64; x64; rv:97.0) Gecko/20100101 Firefox/97.0', '2022-02-20 18:31:25', 'Szaboj, Szaboj'),
	(15441, 'Logged in: Admin, Kate as admin from 127.0.0.1 using Mozilla/5.0 (Windows NT 10.0; Win64; x64; rv:97.0) Gecko/20100101 Firefox/97.0', '2022-02-20 18:40:30', 'Admin, Kate'),
	(15442, 'Logged in: Admin, Kate as admin from 127.0.0.1 using Mozilla/5.0 (Windows NT 10.0; Win64; x64; rv:97.0) Gecko/20100101 Firefox/97.0', '2022-02-20 18:59:56', 'Admin, Kate'),
	(15443, 'Logged in: Admin, Kate as admin from 127.0.0.1 using Mozilla/5.0 (Windows NT 10.0; Win64; x64; rv:97.0) Gecko/20100101 Firefox/97.0', '2022-02-20 20:03:02', 'Admin, Kate'),
	(15444, 'Logged in: Admin, Kate as admin from 127.0.0.1 using Mozilla/5.0 (Windows NT 10.0; Win64; x64; rv:97.0) Gecko/20100101 Firefox/97.0', '2022-02-20 20:20:18', 'Admin, Kate'),
	(15445, 'Logged in: Admin, Kate as admin from 127.0.0.1 using Mozilla/5.0 (Windows NT 10.0; Win64; x64; rv:97.0) Gecko/20100101 Firefox/97.0', '2022-02-20 20:22:17', 'Admin, Kate'),
	(15446, 'Logged in: Superadmin, Susan as superCAHS from 127.0.0.1 using Mozilla/5.0 (Windows NT 10.0; Win64; x64; rv:97.0) Gecko/20100101 Firefox/97.0', '2022-02-20 20:53:14', 'Superadmin, Susan'),
	(15447, 'Logged in: Admin, Kate as admin from 127.0.0.1 using Mozilla/5.0 (Windows NT 10.0; Win64; x64; rv:97.0) Gecko/20100101 Firefox/97.0', '2022-02-20 20:58:20', 'Admin, Kate'),
	(15448, 'Logged in: Admin, Kate as admin from 127.0.0.1 using Mozilla/5.0 (Windows NT 10.0; Win64; x64; rv:97.0) Gecko/20100101 Firefox/97.0', '2022-02-20 21:54:35', 'Admin, Kate'),
	(15449, 'Logged in: Agent, Bob as agent from 127.0.0.1 using Mozilla/5.0 (Windows NT 10.0; Win64; x64; rv:97.0) Gecko/20100101 Firefox/97.0', '2022-02-20 22:52:03', 'Agent, Bob'),
	(15450, 'Logged in: Admin, Kate as admin from 127.0.0.1 using Mozilla/5.0 (Windows NT 10.0; Win64; x64; rv:97.0) Gecko/20100101 Firefox/97.0', '2022-02-20 23:24:49', 'Admin, Kate'),
	(15451, 'Logged in: Admin, Kate as admin from 127.0.0.1 using Mozilla/5.0 (Windows NT 10.0; Win64; x64; rv:97.0) Gecko/20100101 Firefox/97.0', '2022-02-20 23:31:12', 'Admin, Kate'),
	(15452, 'Logged in: Admin, Kate as admin from 127.0.0.1 using Mozilla/5.0 (Windows NT 10.0; Win64; x64; rv:97.0) Gecko/20100101 Firefox/97.0', '2022-02-20 23:31:28', 'Admin, Kate'),
	(15453, 'Logged in: Agent, Bob as agent from 127.0.0.1 using Mozilla/5.0 (Windows NT 10.0; Win64; x64; rv:97.0) Gecko/20100101 Firefox/97.0', '2022-02-21 20:26:36', 'Agent, Bob'),
	(15454, 'Logged in: Admin, Kate as admin from 127.0.0.1 using Mozilla/5.0 (Windows NT 10.0; Win64; x64; rv:100.0) Gecko/20100101 Firefox/100.0', '2022-05-18 23:08:17', 'Admin, Kate'),
	(15455, 'Logged in: Admin, Kate as admin from 127.0.0.1 using Mozilla/5.0 (Windows NT 10.0; Win64; x64; rv:100.0) Gecko/20100101 Firefox/100.0', '2022-05-20 20:36:45', 'Admin, Kate'),
	(15456, 'Logged in: Admin, Kate as admin from 127.0.0.1 using Mozilla/5.0 (Windows NT 10.0; Win64; x64; rv:100.0) Gecko/20100101 Firefox/100.0', '2022-05-20 20:58:31', 'Admin, Kate'),
	(15457, 'Logged in: Admin, Kate as admin from 127.0.0.1 using Mozilla/5.0 (Windows NT 10.0; Win64; x64; rv:100.0) Gecko/20100101 Firefox/100.0', '2022-05-20 21:28:49', 'Admin, Kate'),
	(15458, 'Logged in: Admin, Kate as admin from 127.0.0.1 using Mozilla/5.0 (Windows NT 10.0; Win64; x64; rv:100.0) Gecko/20100101 Firefox/100.0', '2022-05-22 19:22:50', 'Admin, Kate'),
	(15459, 'Logged in: Admin, Kate as admin from 127.0.0.1 using Mozilla/5.0 (Windows NT 10.0; Win64; x64; rv:100.0) Gecko/20100101 Firefox/100.0', '2022-05-22 19:27:25', 'Admin, Kate'),
	(15460, 'Logged in: Admin, Kate as admin from 127.0.0.1 using Mozilla/5.0 (Windows NT 10.0; Win64; x64; rv:100.0) Gecko/20100101 Firefox/100.0', '2022-05-22 19:41:34', 'Admin, Kate'),
	(15461, 'Logged in: Admin, Kate as admin from 127.0.0.1 using Mozilla/5.0 (Windows NT 10.0; Win64; x64; rv:100.0) Gecko/20100101 Firefox/100.0', '2022-05-22 19:50:50', 'Admin, Kate'),
	(15462, 'Logged in: Admin, Kate as admin from 127.0.0.1 using Mozilla/5.0 (Windows NT 10.0; Win64; x64; rv:100.0) Gecko/20100101 Firefox/100.0', '2022-05-22 20:32:36', 'Admin, Kate'),
	(15463, 'Logged in: Admin, Kate as admin from 127.0.0.1 using Mozilla/5.0 (Windows NT 10.0; Win64; x64; rv:100.0) Gecko/20100101 Firefox/100.0', '2022-05-22 21:02:52', 'Admin, Kate'),
	(15464, 'Logged in: Admin, Kate as admin from 127.0.0.1 using Mozilla/5.0 (Windows NT 10.0; Win64; x64; rv:100.0) Gecko/20100101 Firefox/100.0', '2022-05-22 21:43:55', 'Admin, Kate'),
	(15465, 'Logged in: Agent, Bob as agent from 127.0.0.1 using Mozilla/5.0 (Windows NT 10.0; Win64; x64; rv:100.0) Gecko/20100101 Firefox/100.0', '2022-05-22 21:45:11', 'Agent, Bob'),
	(15466, 'Logged in: Admin, Kate as admin from 127.0.0.1 using Mozilla/5.0 (Windows NT 10.0; Win64; x64; rv:100.0) Gecko/20100101 Firefox/100.0', '2022-05-22 21:52:03', 'Admin, Kate'),
	(15467, 'Logged in: Admin, Kate as admin from 0:0:0:0:0:0:0:1 using Mozilla/5.0 (Windows NT 10.0; Win64; x64) AppleWebKit/537.36 (KHTML, like Gecko) Chrome/101.0.4951.67 Safari/537.36', '2022-05-23 17:32:18', 'Admin, Kate'),
	(15468, 'Logged in: Admin, Kate as admin from 0:0:0:0:0:0:0:1 using Mozilla/5.0 (Windows NT 10.0; Win64; x64) AppleWebKit/537.36 (KHTML, like Gecko) Chrome/101.0.4951.67 Safari/537.36', '2022-05-24 18:24:40', 'Admin, Kate'),
	(15469, 'Logged in: Admin, Kate as admin from 0:0:0:0:0:0:0:1 using Mozilla/5.0 (Windows NT 10.0; Win64; x64) AppleWebKit/537.36 (KHTML, like Gecko) Chrome/101.0.4951.67 Safari/537.36', '2022-05-24 21:27:38', 'Admin, Kate'),
	(15470, 'Logged in: Reader, Bob as reader1 from 127.0.0.1 using Mozilla/5.0 (Windows NT 10.0; Win64; x64; rv:100.0) Gecko/20100101 Firefox/100.0', '2022-05-25 14:26:27', 'Reader, Bob'),
	(15471, 'Logged in: Reader2, Jacob as reader2 from 127.0.0.1 using Mozilla/5.0 (Windows NT 10.0; Win64; x64; rv:100.0) Gecko/20100101 Firefox/100.0', '2022-05-25 14:26:43', 'Reader2, Jacob');
/*!40000 ALTER TABLE `logrecord` ENABLE KEYS */;

-- Dumping structure for table eduard.message
DROP TABLE IF EXISTS `message`;
CREATE TABLE IF NOT EXISTS `message` (
  `id` bigint(20) NOT NULL AUTO_INCREMENT,
  `containsRegForm` bit(1) NOT NULL,
  `emailAddresses` blob DEFAULT NULL,
  `recipients` longtext COLLATE utf8_hungarian_ci DEFAULT NULL,
  `sendDateTime` datetime DEFAULT NULL,
  `subject` varchar(80) COLLATE utf8_hungarian_ci DEFAULT NULL,
  `text` longtext COLLATE utf8_hungarian_ci DEFAULT NULL,
  `sentBy_id` bigint(20) DEFAULT NULL,
  `containsInsuranceForm` bit(1) DEFAULT NULL,
  `containsApplicationForm` bit(1) DEFAULT NULL,
  PRIMARY KEY (`id`),
  KEY `FK38EB00077CB46866` (`sentBy_id`),
  CONSTRAINT `FK38EB00077CB46866` FOREIGN KEY (`sentBy_id`) REFERENCES `eduard_user` (`id`)
) ENGINE=InnoDB AUTO_INCREMENT=1824 DEFAULT CHARSET=utf8 COLLATE=utf8_hungarian_ci;

-- Dumping data for table eduard.message: ~0 rows (approximately)
/*!40000 ALTER TABLE `message` DISABLE KEYS */;
/*!40000 ALTER TABLE `message` ENABLE KEYS */;

-- Dumping structure for table eduard.school
DROP TABLE IF EXISTS `school`;
CREATE TABLE IF NOT EXISTS `school` (
  `id` bigint(20) NOT NULL AUTO_INCREMENT,
  `activeProgram` bit(1) DEFAULT NULL,
  `center` varchar(255) COLLATE utf8_hungarian_ci DEFAULT NULL,
  `entryExamRequired` bit(1) DEFAULT NULL,
  `faculty` varchar(255) COLLATE utf8_hungarian_ci DEFAULT NULL,
  `neptunCode` varchar(20) COLLATE utf8_hungarian_ci DEFAULT NULL,
  `programCode` varchar(20) COLLATE utf8_hungarian_ci DEFAULT NULL,
  `programLevel` varchar(255) COLLATE utf8_hungarian_ci DEFAULT NULL,
  `programName` varchar(80) COLLATE utf8_hungarian_ci DEFAULT NULL,
  `requirements` varchar(255) COLLATE utf8_hungarian_ci DEFAULT NULL,
  `seatReservationFee` int(11) DEFAULT NULL,
  `studyDuration` int(11) DEFAULT NULL,
  `tuitionFee` int(11) DEFAULT NULL,
  `startsInBothTerms` bit(1) DEFAULT NULL,
  `listOnSelfApplication` bit(1) DEFAULT NULL,
  PRIMARY KEY (`id`),
  UNIQUE KEY `programCode` (`programCode`)
) ENGINE=InnoDB AUTO_INCREMENT=96 DEFAULT CHARSET=utf8 COLLATE=utf8_hungarian_ci;

-- Dumping data for table eduard.school: ~82 rows (approximately)
/*!40000 ALTER TABLE `school` DISABLE KEYS */;
INSERT INTO `school` (`id`, `activeProgram`, `center`, `entryExamRequired`, `faculty`, `neptunCode`, `programCode`, `programLevel`, `programName`, `requirements`, `seatReservationFee`, `studyDuration`, `tuitionFee`, `startsInBothTerms`, `listOnSelfApplication`) VALUES
	(1, b'1', 'MHSC', b'1', 'MEDICINE', '', 'GENMED', 'MASTER', 'Medicine (MD)', '', 1000, 12, 16900, b'0', b'1'),
	(2, b'1', 'MHSC', b'1', 'MEDICINE', '', 'BMC', 'PREPARATORY', 'Basic Medicine Course', '', 1000, 2, 7000, b'0', b'1'),
	(3, b'1', 'MHSC', b'1', 'MEDICINE', '', 'SBMC', 'PREPARATORY', 'January Basic Medicine Course', '', 1000, 1, 7000, b'0', b'1'),
	(4, b'1', 'MHSC', b'1', 'PHARMACY', '', 'PHARM', 'MASTER', 'Pharmacy (PharmD)', '', 1000, 5, 8000, b'0', b'1'),
	(5, b'1', 'MHSC', b'1', 'DENTISTRY', '', 'DENT', 'MASTER', 'Dentistry (DMD)', '', 1000, 10, 16000, b'0', b'1'),
	(6, b'1', 'MHSC', b'1', 'PUBLIC_HEALTH', '', 'PHYS_BSc', 'BACHELOR', 'Physiotherapy BSc', '', 1000, 8, 6000, b'0', b'1'),
	(7, b'1', 'MHSC', b'1', 'PUBLIC_HEALTH', '', 'PH_BSc', 'BACHELOR', 'Public Health BSc', '', 1000, 8, 6000, b'0', b'1'),
	(8, b'1', 'MHSC', b'1', 'PUBLIC_HEALTH', '', 'PH_MSc', 'MASTER', 'Public Health MSc', '', 1000, 4, 8000, b'0', b'1'),
	(11, b'1', 'CAHS', b'1', 'SCIENCE_TECHNOLOGY', '', 'IFY_Prep', 'PREPARATORY', 'International Foundation Year', '', 0, 2, 5500, b'0', b'1'),
	(12, b'1', 'CAHS', b'1', 'FLC', '', 'ELC_Prep', 'PREPARATORY', 'English Language Course', '', 0, 2, 5500, b'0', b'1'),
	(13, b'1', 'CAHS', b'0', 'SCIENCE_TECHNOLOGY', '', 'IFS_Prep', 'PREPARATORY', 'Intensive Foundation Semester', '', 0, 1, 3300, b'0', b'1'),
	(14, b'1', 'CAHS', b'1', 'FLC', '', 'SELC_Prep', 'PREPARATORY', 'Short English Language Course', '', 0, 1, 2700, b'0', b'1'),
	(15, b'1', 'CAHS', b'1', 'FLC', '', 'IELC_Prep', 'PREPARATORY', 'Intensive English Language Course', '', 0, 1, 3300, b'0', b'1'),
	(16, b'1', 'CAHS', b'1', 'ECONOMICS_BA', '', 'BAM_BA', 'BACHELOR', 'Business Administration and Management BA', '', 0, 7, 5500, b'0', b'1'),
	(17, b'1', 'CAHS', b'1', 'INFORMATICS', '', 'SIT_BSc', 'BACHELOR', 'Computer Science BSc', '', 0, 6, 5500, b'0', b'1'),
	(18, b'1', 'CAHS', b'1', 'INFORMATICS', '', 'EIT_BSc', 'BACHELOR', 'Computer Science Engineering BSc', '', 0, 7, 5500, b'0', b'1'),
	(19, b'1', 'CAHS', b'1', 'INFORMATICS', '', 'BIT_BSc', 'BACHELOR', 'Business Informatics BSc', '', 0, 7, 5500, b'0', b'1'),
	(20, b'1', 'CAHS', b'1', 'ENGINEERING', '', 'ME_BSc', 'BACHELOR', 'Mechanical Engineering BSc', '', 0, 7, 5500, b'0', b'1'),
	(21, b'1', 'CAHS', b'1', 'SCIENCE_TECHNOLOGY', '', 'CE_BSc', 'BACHELOR', 'Chemical Engineering BSc', '', 0, 7, 5500, b'0', b'1'),
	(22, b'1', 'CAHS', b'1', 'SCIENCE_TECHNOLOGY', '', 'EE_BSc', 'BACHELOR', 'Electrical Engineering BSc', '', 0, 7, 5500, b'0', b'1'),
	(23, b'1', 'CAHS', b'0', 'ENGINEERING', '', 'TM_BSc', 'BACHELOR', 'Technical Management BSc', '', 0, 7, 5500, b'0', b'1'),
	(24, b'1', 'CAHS', b'1', 'ARTS', '', 'ES_BA', 'BACHELOR', 'English and American Studies BA', '', 0, 6, 5500, b'0', b'1'),
	(25, b'1', 'CAHS', b'1', 'MUSIC', '', 'MCAM_BA', 'BACHELOR', 'Musical Creative Art and Musicology BA', '', 0, 6, 8500, b'0', b'1'),
	(26, b'1', 'CAHS', b'1', 'MUSIC', '', 'PM_BA', 'BACHELOR', 'Performance (Music) BA', '', 0, 6, 8500, b'0', b'1'),
	(27, b'1', 'CAHS', b'1', 'ARTS', '', 'EAS_PM', 'PRE_MASTER', 'Pre-Master for English/American Studies', '', 0, 2, 5500, b'0', b'1'),
	(28, b'0', 'CAHS', b'1', 'ECONOMICS_BA', '', 'MBA_PM', 'PRE_MASTER', 'Pre-Master for MBA', '', 0, 2, 5500, b'0', b'1'),
	(29, b'0', 'CAHS', b'1', 'INFORMATICS', '', 'SIT_PM', 'PRE_MASTER', 'Pre-Master for Software Information Technology', '', 0, 2, 5500, b'0', b'1'),
	(30, b'1', 'CAHS', b'1', 'ARTS', '', 'ES_MA', 'MASTER', 'English Studies MA', '', 0, 4, 6500, b'0', b'1'),
	(31, b'1', 'CAHS', b'1', 'ARTS', '', 'AS_MA', 'MASTER', 'North American Studies MA', '', 0, 4, 6500, b'0', b'1'),
	(32, b'0', 'CAHS', b'1', 'ECONOMICS_BA', '', 'MBA_MA', 'MASTER', 'Master of Business Administration (MBA)', '', 0, 4, 6500, b'0', b'1'),
	(33, b'1', 'CAHS', b'1', 'INFORMATICS', '', 'SIT_MSc', 'MASTER', 'Computer Science MSc', '', 0, 4, 6500, b'0', b'1'),
	(34, b'1', 'CAHS', b'1', 'ARTS', '', 'EAS_PhD', 'PHD', 'English and American Studies PhD', '', 0, 6, 6500, b'0', b'1'),
	(35, b'1', 'CAHS', b'1', 'SCIENCE_TECHNOLOGY', '', 'BES_PhD', 'PHD', 'Biology and Environmental Sciences PhD', '', 0, 6, 6500, b'0', b'1'),
	(36, b'1', 'CAHS', b'1', 'SCIENCE_TECHNOLOGY', '', 'CHEM_PhD', 'PHD', 'Chemistry PhD', '', 0, 6, 6500, b'1', b'1'),
	(37, b'1', 'CAHS', b'1', 'SCIENCE_TECHNOLOGY', '', 'ES_PhD', 'PHD', 'Earth Sciences PhD', '', 0, 6, 6500, b'0', b'1'),
	(38, b'1', 'CAHS', b'1', 'SCIENCE_TECHNOLOGY', '', 'MCS_PhD', 'PHD', 'Mathematics and Computer Science PhD', '', 0, 6, 6500, b'0', b'1'),
	(39, b'1', 'CAHS', b'1', 'SCIENCE_TECHNOLOGY', '', 'PHYS_PhD', 'PHD', 'Physics PhD', '', 0, 6, 6500, b'0', b'1'),
	(40, b'1', 'CAHS', b'1', 'INFORMATICS', '', 'INF_PhD', 'PHD', 'Informatics, PhD', '', 0, 6, 6500, b'0', b'1'),
	(41, b'1', 'CAHS', b'1', 'AGRICULTURE', NULL, 'AE_MSc', 'MASTER', 'Agricultural Engineering MSc', NULL, 1000, 0, 0, b'1', b'1'),
	(44, b'1', 'MHSC', b'1', 'MEDICINE', '', 'PEC', 'PREPARATORY', 'Preparatory English Course', '', 1000, 2, 7000, b'0', b'1'),
	(45, b'1', 'MHSC', b'1', 'MEDICINE', '', 'MOLBIO_MSc', 'MASTER', 'Molecular Biology MSc', '', 1000, 4, 8500, b'0', b'1'),
	(46, b'1', 'CAHS', b'1', 'ENGINEERING', '', 'CIE_BSc', 'BACHELOR', 'Civil Engineering BSc', '', 0, 8, 5500, b'0', b'1'),
	(47, b'1', 'CAHS', b'1', 'ENGINEERING', '', 'MEC_BSc', 'BACHELOR', 'Mechatronics Engineering BSc', '', 0, 7, 5500, b'1', b'1'),
	(48, b'1', 'CAHS', b'1', 'AGRICULTURE', '', 'AE_BSc', 'BACHELOR', 'Agricultural Engineering BSc', '', 0, 7, 5500, b'0', b'1'),
	(49, b'1', 'CAHS', b'1', 'ECONOMICS_BA', '', 'ARDE_BSc', 'BACHELOR', 'Agribusiness and Rural Development Engineering BSc', '', 0, 7, 5500, b'0', b'1'),
	(50, b'1', 'CAHS', b'1', 'ECONOMICS_BA', '', 'IEB_MA', 'MASTER', 'International Economy and Business MA', '', 0, 4, 6500, b'1', b'1'),
	(51, b'1', 'CAHS', b'1', 'AGRICULTURE', '', 'EM_MSc', 'MASTER', 'Agricultural Environmental Management Engineering MSc', '', 0, 4, 6500, b'0', b'1'),
	(52, b'1', 'CAHS', b'1', 'AGRICULTURE', '', 'ANS_MSc', 'MASTER', 'Animal Husbandry Engineering MSc', '', 0, 4, 6500, b'1', b'1'),
	(53, b'1', 'CAHS', b'1', 'AGRICULTURE', '', 'FSQ_MSc', 'MASTER', 'Food Safety and Quality Engineering MSc', '', 0, 4, 6500, b'1', b'1'),
	(54, b'0', 'CAHS', b'1', 'ECONOMICS_BA', '', 'BUD_MSc', 'MASTER', 'Business Development', '', 0, 4, 6500, b'0', b'1'),
	(55, b'1', 'CAHS', b'1', 'ECONOMICS_BA', '', 'AGM_MSc', 'MASTER', 'Agribusiness Management MSc', '', 0, 4, 6500, b'1', b'1'),
	(56, b'1', 'CAHS', b'1', 'LAW', '', 'LLM', 'MASTER', 'European and International Business Law - LL.M.', '', 0, 2, 6500, b'1', b'1'),
	(57, b'1', 'CAHS', b'1', 'MUSIC', '', 'PM_MA', 'MASTER', 'Performance (Music) MA', '', 0, 4, 6500, b'0', b'1'),
	(59, b'1', 'CAHS', b'1', 'AGRICULTURE', '', 'CS_PhD', 'PHD', 'Crop Science PhD', '', 0, 6, 6500, b'0', b'1'),
	(60, b'1', 'CAHS', b'1', 'AGRICULTURE', '', 'ANS_PhD', 'PHD', 'Animal Science PhD', '', 0, 6, 6500, b'0', b'1'),
	(61, b'1', 'CAHS', b'1', 'AGRICULTURE', '', 'HOR_PhD', 'PHD', 'Horticulture PhD', '', 0, 6, 6500, b'0', b'1'),
	(62, b'1', 'CAHS', b'1', 'AGRICULTURE', '', 'FS_PhD', 'PHD', 'Food Science PhD', '', 0, 6, 6500, b'0', b'1'),
	(65, b'1', 'CAHS', b'1', 'ECONOMICS_BA', '', 'IEB_PM', 'PRE_MASTER', 'Pre-Master for International Economy and Business', '', 0, 2, 5500, b'0', b'1'),
	(66, b'1', 'CAHS', b'1', 'AGRICULTURE', '', 'AGE_PM', 'PRE_MASTER', 'Pre-Master for Agricultural Engineering', '', 0, 2, 5500, b'0', b'1'),
	(67, b'1', 'CAHS', b'1', 'AGRICULTURE', '', 'EM_PM', 'PRE_MASTER', 'Pre-Master for Agricultural Environmental Management Engineering', '', 0, 2, 5500, b'0', b'1'),
	(69, b'1', 'CAHS', b'1', 'AGRICULTURE', '', 'FSAQ_PM', 'PRE_MASTER', 'Pre-Master for Food Safety and Quality', '', 0, 2, 5500, b'0', b'1'),
	(71, b'1', 'CAHS', b'1', 'ECONOMICS_BA', '', 'AM_PM', 'PRE_MASTER', 'Pre-Master for Agribusiness Management', '', 0, 2, 5500, b'0', b'1'),
	(72, b'0', 'CAHS', b'1', 'SCIENCE_TECHNOLOGY', NULL, 'BIOL_BSc', 'BACHELOR', 'Biology (BSc)', NULL, 0, 6, 0, b'0', b'1'),
	(73, b'1', 'CAHS', b'1', 'AGRICULTURE', NULL, 'FE_BSc', 'BACHELOR', 'Food Engineering BSc', '', 0, 0, 0, b'0', b'1'),
	(74, b'1', 'CAHS', b'1', 'INFORMATICS', '', 'CS_PM', 'PRE_MASTER', 'Pre-Master for Computer Science', '', 0, 0, 0, b'0', b'1'),
	(75, b'1', 'MHSC', b'1', 'MEDICINE', '', 'BMC_III', 'PREPARATORY', 'Basic Medicine Course III', '', 1000, 2, 7000, b'0', b'1'),
	(76, b'1', 'MHSC', b'1', 'PUBLIC_HEALTH', '', 'Complex Rehab', 'MASTER', 'Complex Rehabilitation MSc', '', 1000, 2, 8000, b'0', b'1'),
	(77, b'1', 'CAHS', b'0', 'ENGINEERING', '', 'METR_PM', 'PRE_MASTER', 'Pre-Master for Mechatronical Engineering', '', 0, 2, 5500, b'1', b'1'),
	(78, b'1', 'CAHS', b'0', 'ENGINEERING', '', 'METR_MSc', 'MASTER', 'Mechatronical Engineering MSc', '', 0, 4, 6500, b'1', b'1'),
	(79, b'1', 'CAHS', b'1', 'ECONOMICS_BA', '', 'BUS_PhD', 'PHD', 'Business and Management PhD', '', 0, 8, 6500, b'1', b'1'),
	(80, b'1', 'CAHS', b'1', 'SCIENCE', '', 'CHEM_MSc', 'MASTER', 'Chemistry MSc', '', 1000, 0, 0, b'0', b'1'),
	(83, b'1', 'CAHS', b'1', 'MUSIC', '', 'IFYM', 'PREPARATORY', 'International Foundation Year for Music', '', 0, 1, 6000, b'0', b'1'),
	(84, b'1', 'CAHS', b'1', 'LAW', '', 'Law_PhD', 'PHD', 'Law and Legal Studies, PhD', '', 0, 6, 0, b'0', b'1'),
	(85, b'1', 'CAHS', b'1', 'SCIENCE_TECHNOLOGY', '', 'BE_BSc', 'BACHELOR', 'Biochemical Engineering BSc', '', 0, 7, 5500, b'0', b'1'),
	(86, b'1', 'CAHS', b'0', 'SCIENCE_TECHNOLOGY', '', 'CHEM_PM', 'PRE_MASTER', 'Pre-Master for Chemistry', '', 0, 2, 5500, b'0', b'1'),
	(88, b'1', 'CAHS', b'0', 'ENGINEERING', '', 'ENGM_MSc', 'MASTER', 'Engineering Management, MSc', '', 0, 4, 6500, b'0', b'1'),
	(89, b'1', 'CAHS', b'0', 'SCIENCE_TECHNOLOGY', '', 'HWQM_MSc', 'MASTER', 'Hydrobiology - Water Quality Management, MSc', '', 0, 4, 6500, b'0', b'1'),
	(90, b'1', 'CAHS', b'1', 'ENGINEERING', '', 'EPITESZ_HUN', 'BACHELOR', 'Építészmérnök, BSc', '', 0, 8, 0, b'0', b'1'),
	(91, b'1', 'CAHS', b'1', 'ENGINEERING', '', 'EPITO_HUN', 'BACHELOR', 'Építőmérnök, BSc', '', 0, 8, 0, b'0', b'1'),
	(92, b'1', 'CAHS', b'1', 'SCIENCE_TECHNOLOGY', '', 'FIZ_HUN', 'BACHELOR', 'Fizika, BSc', '', 0, 6, 0, b'0', b'1'),
	(93, b'1', 'MHSC', b'0', 'MEDICINE', '', 'PhD', 'PHD', 'PhD', '', 0, 6, 0, b'1', b'1'),
	(94, b'1', 'CAHS', b'1', 'LAW', '123456', 'LLS_BSC', 'BACHELOR', 'Law and legal studies', 'Pass the entry exam', 1000, 45, 3000, b'1', b'1'),
	(95, b'1', 'CAAES', b'1', NULL, '12345', 'NT', 'BACHELOR', 'Növénytermesztés', 'Pass the entry exam', 1000, 0, 4000, b'0', b'1');
/*!40000 ALTER TABLE `school` ENABLE KEYS */;

-- Dumping structure for table eduard.semester
DROP TABLE IF EXISTS `semester`;
CREATE TABLE IF NOT EXISTS `semester` (
  `id` bigint(20) NOT NULL AUTO_INCREMENT,
  `schoolYear` int(11) NOT NULL,
  `schoolYearString` varchar(9) COLLATE utf8_hungarian_ci DEFAULT NULL,
  `semesterString` varchar(13) COLLATE utf8_hungarian_ci DEFAULT NULL,
  `term` varchar(4) COLLATE utf8_hungarian_ci DEFAULT NULL,
  PRIMARY KEY (`id`)
) ENGINE=InnoDB AUTO_INCREMENT=29 DEFAULT CHARSET=utf8 COLLATE=utf8_hungarian_ci;

-- Dumping data for table eduard.semester: ~8 rows (approximately)
/*!40000 ALTER TABLE `semester` DISABLE KEYS */;
INSERT INTO `semester` (`id`, `schoolYear`, `schoolYearString`, `semesterString`, `term`) VALUES
	(19, 2021, '2021-2022', '2021-2022 I.', ' I.'),
	(20, 2021, '2021-2022', '2021-2022 II.', ' II.'),
	(21, 2022, '2022-2023', '2022-2023 I.', ' I.'),
	(22, 2022, '2022-2023', '2022-2023 II.', ' II.'),
	(23, 2023, '2023-2024', '2023-2024 I.', ' I.'),
	(24, 2023, '2023-2024', '2023-2024 II.', ' II.'),
	(25, 2020, '2020-2021', '2020-2021 I.', 'I.'),
	(26, 2020, '2020-2021', '2020-2021 II.', 'II.'),
	(27, 2024, '2024-2025', '2024-2025 I.', ' I.'),
	(28, 2024, '2024-2025', '2024-2025 II.', ' II.');
/*!40000 ALTER TABLE `semester` ENABLE KEYS */;

-- Dumping structure for table eduard.student
DROP TABLE IF EXISTS `student`;
CREATE TABLE IF NOT EXISTS `student` (
  `id` bigint(20) NOT NULL AUTO_INCREMENT,
  `activeData` bit(1) NOT NULL,
  `agentInputDate` date DEFAULT NULL,
  `agentTempData` bit(1) NOT NULL,
  `attentionRequired` bit(1) NOT NULL,
  `birthplaceTown` varchar(50) COLLATE utf8_hungarian_ci DEFAULT NULL,
  `currentGrade` varchar(255) COLLATE utf8_hungarian_ci DEFAULT NULL,
  `dateOfBirth` date DEFAULT NULL,
  `email` varchar(50) COLLATE utf8_hungarian_ci DEFAULT NULL,
  `firstRegistration` date DEFAULT NULL,
  `graduationDate` date DEFAULT NULL,
  `homePhone` varchar(20) COLLATE utf8_hungarian_ci DEFAULT NULL,
  `lastModified` datetime DEFAULT NULL,
  `local_concatAddressHungarianStyle` varchar(160) COLLATE utf8_hungarian_ci DEFAULT NULL,
  `local_concatAddressWesternStyle` varchar(160) COLLATE utf8_hungarian_ci DEFAULT NULL,
  `local_country` varchar(50) COLLATE utf8_hungarian_ci DEFAULT NULL,
  `local_postalCode` varchar(10) COLLATE utf8_hungarian_ci DEFAULT NULL,
  `local_settlement` varchar(50) COLLATE utf8_hungarian_ci DEFAULT NULL,
  `local_stateOrCountyOrTerritory` varchar(50) COLLATE utf8_hungarian_ci DEFAULT NULL,
  `local_streetAndNumber` varchar(100) COLLATE utf8_hungarian_ci DEFAULT NULL,
  `localPhone` varchar(20) COLLATE utf8_hungarian_ci DEFAULT NULL,
  `motherMaidenName` varchar(80) COLLATE utf8_hungarian_ci DEFAULT NULL,
  `concatNameEduardStyle` varchar(85) COLLATE utf8_hungarian_ci DEFAULT NULL,
  `concatNameHungarianStyle` varchar(85) COLLATE utf8_hungarian_ci DEFAULT NULL,
  `concatNameWesternStyle` varchar(85) COLLATE utf8_hungarian_ci DEFAULT NULL,
  `familyName` varchar(40) COLLATE utf8_hungarian_ci DEFAULT NULL,
  `givenName` varchar(40) COLLATE utf8_hungarian_ci DEFAULT NULL,
  `middleName` varchar(40) COLLATE utf8_hungarian_ci DEFAULT NULL,
  `title` varchar(255) COLLATE utf8_hungarian_ci DEFAULT NULL,
  `neptunIdent` varchar(10) COLLATE utf8_hungarian_ci DEFAULT NULL,
  `overallBalance` double NOT NULL,
  `passportExpiryDate` date DEFAULT NULL,
  `passportNumber` varchar(15) COLLATE utf8_hungarian_ci DEFAULT NULL,
  `permanent_concatAddressHungarianStyle` varchar(160) COLLATE utf8_hungarian_ci DEFAULT NULL,
  `permanent_concatAddressWesternStyle` varchar(160) COLLATE utf8_hungarian_ci DEFAULT NULL,
  `permanent_country` varchar(50) COLLATE utf8_hungarian_ci DEFAULT NULL,
  `permanent_postalCode` varchar(20) COLLATE utf8_hungarian_ci DEFAULT NULL,
  `permanent_settlement` varchar(50) COLLATE utf8_hungarian_ci DEFAULT NULL,
  `permanent_stateOrCountyOrTerritory` varchar(50) COLLATE utf8_hungarian_ci DEFAULT NULL,
  `permanent_streetAndNumber` varchar(100) COLLATE utf8_hungarian_ci DEFAULT NULL,
  `photoFileName` varchar(30) COLLATE utf8_hungarian_ci DEFAULT NULL,
  `sex` varchar(255) COLLATE utf8_hungarian_ci DEFAULT NULL,
  `admittedTo_id` bigint(20) DEFAULT NULL,
  `agentToStudent_id` bigint(20) DEFAULT NULL,
  `application_id` bigint(20) DEFAULT NULL,
  `birthplaceCountry_id` bigint(20) DEFAULT NULL,
  `entranceExam_id` bigint(20) DEFAULT NULL,
  `lastModifiedBy_id` bigint(20) DEFAULT NULL,
  `nationality_id` bigint(20) DEFAULT NULL,
  `retakeEntranceExam_id` bigint(20) DEFAULT NULL,
  `agentDocumentsLoaded` bit(1) DEFAULT NULL,
  `previousExams` varchar(255) COLLATE utf8_hungarian_ci DEFAULT NULL,
  `visaRequired` bit(1) DEFAULT NULL,
  `mainProgramToEnter_id` bigint(20) DEFAULT NULL,
  `residencePermitExpiryDate` date DEFAULT NULL,
  `residencePermitNumber` varchar(15) COLLATE utf8_hungarian_ci DEFAULT NULL,
  `photoFileContent_id` bigint(20) DEFAULT NULL,
  `appliedToCenter` varchar(255) COLLATE utf8_hungarian_ci DEFAULT NULL,
  `insurance` varchar(255) COLLATE utf8_hungarian_ci DEFAULT NULL,
  `insuranceExpiryDate` date DEFAULT NULL,
  `additionalEmails` varchar(80) COLLATE utf8_hungarian_ci DEFAULT NULL,
  `highSchoolGradDate` date DEFAULT NULL,
  `currentStatus` varchar(255) COLLATE utf8_hungarian_ci DEFAULT NULL,
  `courseType` varchar(255) COLLATE utf8_hungarian_ci DEFAULT NULL,
  `dateOfIssue` date DEFAULT NULL,
  `diplomaLevel` varchar(255) COLLATE utf8_hungarian_ci DEFAULT NULL,
  `diplomaSerialNumber` varchar(20) COLLATE utf8_hungarian_ci DEFAULT NULL,
  `diplomaType` varchar(255) COLLATE utf8_hungarian_ci DEFAULT NULL,
  `issuedBy` varchar(80) COLLATE utf8_hungarian_ci DEFAULT NULL,
  `examData_id` bigint(20) DEFAULT NULL,
  `student_role` varchar(255) COLLATE utf8_hungarian_ci DEFAULT NULL,
  PRIMARY KEY (`id`),
  KEY `FK8FFE823BADBBDE8A` (`application_id`),
  KEY `FK8FFE823B852878E4` (`nationality_id`),
  KEY `FK8FFE823B43204EA` (`entranceExam_id`),
  KEY `FK8FFE823BC767EA25` (`admittedTo_id`),
  KEY `FK8FFE823BB5F46A72` (`birthplaceCountry_id`),
  KEY `FK8FFE823B140B9CDA` (`agentToStudent_id`),
  KEY `FK8FFE823B129E5CFF` (`lastModifiedBy_id`),
  KEY `FK8FFE823B65303870` (`retakeEntranceExam_id`),
  KEY `FK8FFE823B9F958E08` (`mainProgramToEnter_id`),
  KEY `FK8FFE823B47CA197E` (`examData_id`),
  CONSTRAINT `FK8FFE823B129E5CFF` FOREIGN KEY (`lastModifiedBy_id`) REFERENCES `eduard_user` (`id`),
  CONSTRAINT `FK8FFE823B140B9CDA` FOREIGN KEY (`agentToStudent_id`) REFERENCES `eduard_user` (`id`),
  CONSTRAINT `FK8FFE823B43204EA` FOREIGN KEY (`entranceExam_id`) REFERENCES `exam_data` (`id`),
  CONSTRAINT `FK8FFE823B47CA197E` FOREIGN KEY (`examData_id`) REFERENCES `exam_data` (`id`),
  CONSTRAINT `FK8FFE823B65303870` FOREIGN KEY (`retakeEntranceExam_id`) REFERENCES `exam_data` (`id`),
  CONSTRAINT `FK8FFE823B852878E4` FOREIGN KEY (`nationality_id`) REFERENCES `country` (`id`),
  CONSTRAINT `FK8FFE823B9F958E08` FOREIGN KEY (`mainProgramToEnter_id`) REFERENCES `school` (`id`),
  CONSTRAINT `FK8FFE823BADBBDE8A` FOREIGN KEY (`application_id`) REFERENCES `application` (`id`),
  CONSTRAINT `FK8FFE823BB5F46A72` FOREIGN KEY (`birthplaceCountry_id`) REFERENCES `country` (`id`),
  CONSTRAINT `FK8FFE823BC767EA25` FOREIGN KEY (`admittedTo_id`) REFERENCES `school` (`id`)
) ENGINE=InnoDB AUTO_INCREMENT=12390 DEFAULT CHARSET=utf8 COLLATE=utf8_hungarian_ci;

-- Dumping data for table eduard.student: ~46 rows (approximately)
/*!40000 ALTER TABLE `student` DISABLE KEYS */;
INSERT INTO `student` (`id`, `activeData`, `agentInputDate`, `agentTempData`, `attentionRequired`, `birthplaceTown`, `currentGrade`, `dateOfBirth`, `email`, `firstRegistration`, `graduationDate`, `homePhone`, `lastModified`, `local_concatAddressHungarianStyle`, `local_concatAddressWesternStyle`, `local_country`, `local_postalCode`, `local_settlement`, `local_stateOrCountyOrTerritory`, `local_streetAndNumber`, `localPhone`, `motherMaidenName`, `concatNameEduardStyle`, `concatNameHungarianStyle`, `concatNameWesternStyle`, `familyName`, `givenName`, `middleName`, `title`, `neptunIdent`, `overallBalance`, `passportExpiryDate`, `passportNumber`, `permanent_concatAddressHungarianStyle`, `permanent_concatAddressWesternStyle`, `permanent_country`, `permanent_postalCode`, `permanent_settlement`, `permanent_stateOrCountyOrTerritory`, `permanent_streetAndNumber`, `photoFileName`, `sex`, `admittedTo_id`, `agentToStudent_id`, `application_id`, `birthplaceCountry_id`, `entranceExam_id`, `lastModifiedBy_id`, `nationality_id`, `retakeEntranceExam_id`, `agentDocumentsLoaded`, `previousExams`, `visaRequired`, `mainProgramToEnter_id`, `residencePermitExpiryDate`, `residencePermitNumber`, `photoFileContent_id`, `appliedToCenter`, `insurance`, `insuranceExpiryDate`, `additionalEmails`, `highSchoolGradDate`, `currentStatus`, `courseType`, `dateOfIssue`, `diplomaLevel`, `diplomaSerialNumber`, `diplomaType`, `issuedBy`, `examData_id`, `student_role`) VALUES
	(12344, b'1', NULL, b'0', b'1', 'Budapest', 'SECOND', '2000-02-02', NULL, NULL, NULL, NULL, '2021-02-12 10:34:13', NULL, NULL, NULL, NULL, NULL, NULL, NULL, NULL, 'Mother', 'Student, Jill', 'Student Jill', 'Jill Student', 'Student', 'Jill', '', NULL, 'ASDFG', 0, '2023-02-08', '123456HU', NULL, NULL, NULL, NULL, NULL, NULL, NULL, NULL, 'F', NULL, NULL, NULL, 98, NULL, 185, 98, NULL, b'0', '', b'0', 1, '2022-02-08', '123456RP', NULL, 'MHSC', 'UNIVERSITY_INSURANCE', NULL, NULL, NULL, NULL, NULL, NULL, NULL, NULL, NULL, NULL, NULL, 'STUDENT'),
	(12345, b'1', NULL, b'0', b'1', 'Budapest', NULL, '2000-02-08', NULL, NULL, NULL, NULL, '2021-02-12 10:45:15', NULL, NULL, NULL, NULL, NULL, NULL, NULL, NULL, 'Jill Smith', 'Student, Jill', 'Student Jill', 'Jill Student', 'Student', 'Jill', '', NULL, NULL, 0, '2023-02-02', '123456PN', NULL, NULL, NULL, NULL, NULL, NULL, NULL, NULL, 'F', NULL, NULL, NULL, 98, NULL, 189, 98, NULL, b'0', '', b'0', 1, '2022-02-08', '123456RP', NULL, 'MHSC', 'UNIVERSITY_INSURANCE', NULL, NULL, NULL, NULL, NULL, NULL, NULL, NULL, NULL, NULL, NULL, 'STUDENT'),
	(12346, b'1', NULL, b'0', b'1', 'Budapest', NULL, '2000-02-01', 'smith@gmail.com', NULL, NULL, '', '2021-02-14 14:43:31', '1457 Budapest, Prága 30', 'Prága 30, Budapest; 1457', '', '1457', 'Budapest', '', 'Prága 30', '457894561', 'Susan', 'Smith, Jack', 'Smith Jack', 'Jack Smith', 'Smith', 'Jack', '', NULL, NULL, 0, '2023-02-08', '123456HU', '56789 Burundi, Budapest str', 'Budapest str, Burundi; 56789 Angola', 'Angola', '56789', 'Burundi', '', 'Budapest str', NULL, 'M', NULL, NULL, NULL, 7, NULL, 185, 1, NULL, b'0', '', b'0', 1, '2022-02-08', '123456RP', NULL, 'MHSC', 'UNIVERSITY_INSURANCE', NULL, '', NULL, NULL, NULL, NULL, NULL, NULL, NULL, NULL, NULL, 'STUDENT'),
	(12347, b'1', NULL, b'0', b'0', 'Budapest', 'PREPARATORY', '2000-02-01', NULL, '2020-12-01', NULL, '', '2022-02-20 18:12:09', '', '', '', '', '', '', '', '', 'Jill Smith', 'Taylor, Jack', 'Taylor Jack', 'Jack Taylor', 'Taylor', 'Jack', '', NULL, NULL, -7000, '2023-02-08', '123456HU', '', 'Albania', 'Albania', '', '', '', '', NULL, 'M', 2, NULL, 12301, 3, NULL, 185, 3, NULL, b'0', '2021-05-02, 2021-04-28', b'0', 1, '2021-03-31', '12459678', NULL, NULL, 'UNIVERSITY_INSURANCE', NULL, '', NULL, 'FULL_TIME_REGISTERED', NULL, NULL, NULL, '', NULL, '', 12287, 'STUDENT'),
	(12348, b'1', NULL, b'0', b'1', 'Durres', 'FIRST_YEAR', '2000-01-12', 'smith2@gmail.com', NULL, NULL, '36702051760', '2022-02-20 14:05:23', NULL, NULL, NULL, NULL, NULL, NULL, NULL, NULL, 'Susan Bond', 'Smith, Annabell', 'Smith Annabell', 'Annabell Smith', 'Smith', 'Annabell', '', NULL, NULL, 0, NULL, '', 'Durres, Oglu 30', 'Oglu 30, Durres; Albania', 'Albania', '', 'Durres', '', 'Oglu 30', '20210228093016489_3673.jpg', 'F', 49, NULL, 12302, 3, NULL, 188, 3, NULL, b'0', '', b'0', NULL, '2022-01-31', '123456', NULL, NULL, 'OWN_INSURANCE', '2021-06-06', '', NULL, 'ADMITTED', NULL, NULL, NULL, '', 'FOREIGN_INSTITUTE', '', 12285, 'STUDENT'),
	(12349, b'1', NULL, b'0', b'1', 'Durres', 'FIRST_YEAR', '2000-01-12', 'smith3@gmail.com', NULL, NULL, '36702051760', '2022-02-20 20:55:06', NULL, NULL, NULL, NULL, NULL, NULL, NULL, NULL, 'Susan Bond', 'Smith, Ann', 'Smith Ann', 'Ann Smith', 'Smith', 'Ann', '', NULL, NULL, 0, NULL, '', 'Durres, Oglu 30', 'Oglu 30, Durres; Albania', 'Albania', '', 'Durres', '', 'Oglu 30', '20210228094929235_9422.jpg', 'F', 60, NULL, 12303, 3, NULL, 188, 3, NULL, b'0', '', b'0', NULL, '2021-09-09', '123456', NULL, NULL, 'OWN_INSURANCE', '2021-06-06', '', NULL, 'ADMITTED', NULL, NULL, NULL, '', 'FOREIGN_INSTITUTE', '', 12283, 'STUDENT'),
	(12350, b'1', NULL, b'0', b'1', 'Budapest', NULL, '2000-02-01', NULL, NULL, NULL, NULL, '2021-02-28 10:06:40', NULL, NULL, NULL, NULL, NULL, NULL, NULL, NULL, 'Susan Bond', 'Kincardine, Ethel', 'Kincardine Ethel', 'Ethel Kincardine', 'Kincardine', 'Ethel', '', NULL, NULL, 0, NULL, '', NULL, NULL, NULL, NULL, NULL, NULL, NULL, NULL, 'F', NULL, NULL, NULL, NULL, NULL, 185, 3, NULL, b'0', '', b'0', 1, NULL, '', NULL, NULL, 'NO_INSURANCE', NULL, NULL, NULL, NULL, NULL, NULL, NULL, NULL, NULL, NULL, NULL, 'STUDENT'),
	(12351, b'1', '2021-02-28', b'0', b'1', 'Durres', 'FIRST_YEAR', '2000-02-01', 'mary.smith@gmail.com', NULL, NULL, '251245789', '2022-02-20 21:56:29', NULL, NULL, NULL, NULL, NULL, NULL, NULL, NULL, 'Susan Bond', 'Smith, Mary', 'Smith Mary', 'Mary Smith', 'Smith', 'Mary', '', NULL, NULL, 0, NULL, '', '12345 Durres, Oglu 30', 'Oglu 30, Durres; 12345 Albania', 'Albania', '12345', 'Durres', '', 'Oglu 30', NULL, 'F', 1, 182, 12304, 3, NULL, 185, 3, NULL, b'1', '', b'0', 1, NULL, NULL, NULL, 'MHSC', 'NO_INSURANCE', NULL, '', NULL, 'ADMITTED', NULL, NULL, NULL, '', 'FOREIGN_INSTITUTE', '', 12280, 'STUDENT'),
	(12352, b'1', NULL, b'0', b'1', 'Kabul', 'FIRST_YEAR', '2000-12-12', 'john@doe.com', NULL, NULL, '124578899', '2022-02-20 14:04:41', NULL, NULL, NULL, NULL, NULL, NULL, NULL, NULL, 'Beth Taylor', 'Smith, John', 'Smith John', 'John Smith', 'Smith', 'John', '', NULL, NULL, 0, NULL, '', 'Kabul, 123 High', '123 High, Kabul; Afghanistan', 'Afghanistan', '', 'Kabul', '', '123 High', '20220209231033420_7597.jpg', 'M', 48, NULL, 12305, 1, NULL, 188, 1, NULL, b'0', '', b'0', NULL, NULL, '', NULL, NULL, 'OWN_INSURANCE', '2022-04-12', '', NULL, 'ADMITTED', NULL, NULL, NULL, '', 'FOREIGN_INSTITUTE', '', 12284, 'STUDENT'),
	(12353, b'1', NULL, b'0', b'1', 'Kabul', NULL, '2000-12-12', 'jack@doe.com', NULL, NULL, '124578899', '2022-02-20 14:02:01', NULL, NULL, NULL, NULL, NULL, NULL, NULL, NULL, 'Beth Taylor', 'Smith, Tom', 'Smith Tom', 'Tom Smith', 'Smith', 'Tom', '', NULL, NULL, 0, NULL, '', 'Kabul, 123 High', '123 High, Kabul; Afghanistan', 'Afghanistan', '', 'Kabul', '', '123 High', '20220210132012466_8628.jpg', 'M', NULL, NULL, 12306, 1, NULL, NULL, 1, NULL, b'0', '', b'0', NULL, NULL, '', NULL, NULL, 'OWN_INSURANCE', '2022-06-06', '', NULL, 'APPLICANT', NULL, NULL, NULL, '', 'FOREIGN_INSTITUTE', '', NULL, 'STUDENT'),
	(12354, b'1', '2022-02-13', b'1', b'1', 'Kabul', NULL, '2005-02-15', 'jack@doe.com', NULL, NULL, '', '2022-02-13 20:34:04', NULL, NULL, NULL, NULL, NULL, NULL, NULL, NULL, 'Beth Taylor', 'Kiss, Bence', 'Kiss Bence', 'Bence Kiss', 'Kiss', 'Bence', '', NULL, NULL, 0, NULL, '', 'Kabul, 123 High', '123 High, Kabul; Afghanistan', 'Afghanistan', '', 'Kabul', '', '123 High', NULL, 'M', NULL, 182, 12307, 1, NULL, 182, 1, NULL, b'0', '', b'0', NULL, NULL, NULL, NULL, 'CAHS', 'OWN_INSURANCE', '2021-02-20', '', NULL, NULL, 'FULLTIME', NULL, 'COLLEGE', '', 'FOREIGN_INSTITUTE', '', 12281, 'STUDENT'),
	(12355, b'1', NULL, b'0', b'1', 'Kabul', 'FIRST', '2000-02-15', NULL, NULL, NULL, NULL, '2022-02-14 01:15:30', NULL, NULL, NULL, NULL, NULL, NULL, NULL, NULL, 'Ann Smith', 'Brown, Victoria', 'Brown Victoria', 'Victoria Brown', 'Brown', 'Victoria', '', NULL, NULL, 0, NULL, '', NULL, NULL, NULL, NULL, NULL, NULL, NULL, NULL, 'F', 1, NULL, NULL, 1, NULL, 185, 1, NULL, b'0', '', b'0', 1, NULL, '', NULL, 'MHSC', 'NO_INSURANCE', '2022-06-06', NULL, NULL, 'ADMITTED', NULL, NULL, NULL, NULL, NULL, NULL, NULL, 'STUDENT'),
	(12356, b'1', NULL, b'0', b'1', 'Tirana', NULL, '2000-12-12', 'durrel@gmail.com', NULL, NULL, '124578899', '2022-02-20 21:55:25', NULL, NULL, NULL, NULL, NULL, NULL, NULL, NULL, 'Beth Taylor', 'Durrel, Susan', 'Durrel Susan', 'Susan Durrel', 'Durrel', 'Susan', '', NULL, NULL, 0, NULL, '', 'Tirana, 123 High', '123 High, Tirana; Albania', 'Albania', '', 'Tirana', '', '123 High', '20220216114404010_8698.jpg', 'F', 80, NULL, 12308, 3, NULL, NULL, 3, NULL, b'0', '', b'0', 1, NULL, '124578', NULL, NULL, 'OWN_INSURANCE', '2021-02-20', '', NULL, 'FULL_TIME_REGISTERED', NULL, NULL, NULL, '', 'FOREIGN_INSTITUTE', '', NULL, 'STUDENT'),
	(12357, b'1', NULL, b'0', b'1', 'Tirana', 'FIRST_YEAR', '2000-02-15', NULL, NULL, NULL, NULL, '2022-02-20 14:01:00', NULL, NULL, NULL, NULL, NULL, NULL, NULL, NULL, 'Beth Taylor', 'Smith, Mary', 'Smith Mary', 'Mary Smith', 'Smith', 'Mary', '', NULL, NULL, 0, NULL, '', NULL, NULL, NULL, NULL, NULL, NULL, NULL, NULL, 'F', 80, NULL, 12309, 3, NULL, 188, 3, NULL, b'0', '', b'0', NULL, '2022-07-01', '123456', NULL, NULL, 'OWN_INSURANCE', '2021-02-20', NULL, NULL, 'ADMITTED', NULL, NULL, NULL, '', NULL, '', 12282, 'STUDENT'),
	(12358, b'1', NULL, b'0', b'1', 'Tirana', NULL, '2000-02-15', NULL, NULL, NULL, NULL, '2022-02-18 22:21:29', NULL, NULL, NULL, NULL, NULL, NULL, NULL, NULL, 'Ann Smith', 'Durrel, Gerald', 'Durrel Gerald', 'Gerald Durrel', 'Durrel', 'Gerald', '', NULL, NULL, 0, NULL, '', NULL, NULL, NULL, NULL, NULL, NULL, NULL, NULL, 'M', 80, NULL, NULL, 3, NULL, 190, 3, NULL, b'0', '', b'0', NULL, NULL, '', NULL, NULL, 'NO_INSURANCE', '2021-02-20', NULL, NULL, NULL, NULL, NULL, NULL, NULL, NULL, NULL, NULL, 'STUDENT'),
	(12359, b'1', NULL, b'0', b'1', 'Tirana', NULL, '2000-02-15', NULL, NULL, NULL, NULL, '2022-02-18 22:28:53', NULL, NULL, NULL, NULL, NULL, NULL, NULL, NULL, 'Ann Smith', 'Durrel, Gerald', 'Durrel Gerald', 'Gerald Durrel', 'Durrel', 'Gerald', '', NULL, NULL, 0, NULL, '', NULL, NULL, NULL, NULL, NULL, NULL, NULL, NULL, 'M', 80, NULL, NULL, 3, NULL, 185, 3, NULL, b'0', '', b'0', NULL, NULL, '', NULL, NULL, 'NO_INSURANCE', '2021-02-20', NULL, NULL, NULL, NULL, NULL, NULL, NULL, NULL, NULL, NULL, 'STUDENT'),
	(12360, b'1', NULL, b'0', b'1', 'Tirana', NULL, '2000-02-15', NULL, NULL, NULL, NULL, '2022-02-20 16:35:45', NULL, NULL, NULL, NULL, NULL, NULL, NULL, NULL, 'Beth Taylor', 'Brown, Gerald', 'Brown Gerald', 'Gerald Brown', 'Brown', 'Gerald', '', NULL, NULL, 0, NULL, '', NULL, NULL, NULL, NULL, NULL, NULL, NULL, NULL, 'M', NULL, NULL, NULL, 3, NULL, 188, 3, NULL, b'0', '', b'0', NULL, NULL, '', NULL, NULL, NULL, NULL, NULL, NULL, NULL, NULL, NULL, NULL, NULL, NULL, NULL, NULL, 'STUDENT'),
	(12361, b'1', NULL, b'0', b'1', 'Tirana', 'PREPARATORY', '2000-02-15', NULL, NULL, NULL, NULL, '2022-02-20 16:44:23', NULL, NULL, NULL, NULL, NULL, NULL, NULL, NULL, 'Ann Smith', 'Taylor, Susan', 'Taylor Susan', 'Susan Taylor', 'Taylor', 'Susan', '', NULL, NULL, 0, NULL, '', NULL, NULL, NULL, NULL, NULL, NULL, NULL, NULL, 'F', 2, NULL, 12310, 3, NULL, 185, 3, NULL, b'0', '', b'0', 1, NULL, '', NULL, NULL, NULL, NULL, NULL, NULL, 'ADMITTED', NULL, NULL, NULL, '', NULL, '', 12286, 'STUDENT'),
	(12362, b'1', NULL, b'0', b'1', 'Tirana', NULL, '2000-02-15', NULL, NULL, NULL, NULL, '2022-02-20 18:21:30', NULL, NULL, NULL, NULL, NULL, NULL, NULL, NULL, 'Beth Taylor', 'Petersen, Pat', 'Petersen Pat', 'Pat Petersen', 'Petersen', 'Pat', '', NULL, NULL, 0, NULL, '', NULL, NULL, NULL, NULL, NULL, NULL, NULL, NULL, 'F', NULL, NULL, NULL, 3, NULL, 185, 3, NULL, b'0', '', b'0', NULL, NULL, '', NULL, NULL, NULL, NULL, NULL, NULL, NULL, NULL, NULL, NULL, NULL, NULL, NULL, NULL, 'STUDENT'),
	(12363, b'1', NULL, b'0', b'0', 'Incheon', 'SIXTH_YEAR', '1990-08-21', 'Hasehim10000@hotmail.com', '2009-09-13', NULL, '', '2022-05-22 19:51:07', '7032 Szeged, Móricz Zsigmond  körút 22.', 'Móricz Zsigmond  körút 22. , Szeged; 7032', '', '7032', 'Szeged', '', 'Móricz Zsigmond  körút 22. ', '06705275792', 'Zuhal', 'Hajsffghoseinaliabadi, Nikhil Rao', 'Hajsffghoseinaliabadi Nikhil Rao', 'Nikhil Rao Hajsffghoseinaliabadi', 'Hajsffghoseinaliabadi', 'Nikhil Rao', '', NULL, 'G4FGT8CH', 0, '2016-02-15', 'A02886222', '9999 Menashe, Makada  utca 1.', 'Makada  utca 1. , Menashe; 9999 Japán', 'Japán', '9999', 'Menashe', '', 'Makada  utca 1. ', 'G4FGT8CH.jpg', 'F', 1, NULL, 12311, 109, NULL, 185, 160, NULL, b'0', '', b'0', 1, NULL, NULL, NULL, NULL, NULL, NULL, NULL, NULL, 'FULL_TIME_REGISTERED', NULL, NULL, NULL, NULL, NULL, NULL, 12288, 'STUDENT'),
	(12364, b'1', NULL, b'0', b'0', 'Ipswich', 'FOURTH_YEAR', '1990-08-22', 'hashrrazak@hotmail.com', '2011-08-22', NULL, '', '2022-05-22 19:51:07', '5028 Debrecen, Móricz Zsigmond  körút 22.', 'Móricz Zsigmond  körút 22. , Debrecen; 5028 Hajdú-Bihar Magyarország', 'Magyarország', '5028', 'Debrecen', 'Hajdú-Bihar', 'Móricz Zsigmond  körút 22. ', '+36705280497', 'Zohoor Faya A', 'Hutzaji, Nihad', 'Hutzaji Nihad', 'Nihad Hutzaji', 'Hutzaji', 'Nihad', '', NULL, 'G55ERFPQ', 0, '2015-04-19', 'A02887701', 'Meitar, Mainzer Strasse 19.', 'Mainzer Strasse 19. , Meitar;', '', '', 'Meitar', '', 'Mainzer Strasse 19. ', 'G55ERFPQ.jpg', 'F', 1, NULL, 12312, 160, NULL, 185, 226, NULL, b'0', '', b'0', 1, NULL, NULL, NULL, NULL, NULL, NULL, NULL, NULL, 'FULL_TIME_REGISTERED', NULL, NULL, NULL, NULL, NULL, NULL, 12289, 'STUDENT'),
	(12365, b'1', NULL, b'0', b'0', 'Irakleio', 'FIRST_YEAR', '1990-08-26', 'hasitthaginjupalli@hotmail.com', '2014-09-05', '2012-09-03', '', '2022-05-22 19:51:08', '6032 Nógrád, Móricz Zsigmond  körút 22.', 'Móricz Zsigmond  körút 22. , Nógrád; 6032 Pest Magyarország', 'Magyarország', '6032', 'Nógrád', 'Pest', 'Móricz Zsigmond  körút 22. ', '+01903369047', 'Zohar', 'Hajiasddavali, Nigel', 'Hajiasddavali Nigel', 'Nigel Hajiasddavali', 'Hajiasddavali', 'Nigel', '', NULL, 'G5EEE87S', 0, '2021-10-20', 'A02931225', '9999 Mehbullah, Mahis Amman .', 'Mahis Amman . , Mehbullah; 9999 Nagy-Britannia', 'Nagy-Britannia', '9999', 'Mehbullah', '', 'Mahis Amman . ', 'G5EEE87S.jpg', 'M', 5, NULL, 12313, 100, NULL, 185, 160, NULL, b'0', '', b'0', 5, NULL, NULL, NULL, NULL, NULL, NULL, NULL, NULL, 'FULL_TIME_REGISTERED', NULL, NULL, NULL, NULL, NULL, NULL, 12290, 'STUDENT'),
	(12366, b'1', NULL, b'0', b'0', 'Irbid', 'THIRD_YEAR', '1990-08-27', 'hasotng123@nate.com', '2013-08-28', '2011-08-22', '', '2022-05-22 19:51:08', '7032 Eger, Móricz Zsigmond  körút 22.', 'Móricz Zsigmond  körút 22. , Eger; 7032 Kiskun Magyarország', 'Magyarország', '7032', 'Eger', 'Kiskun', 'Móricz Zsigmond  körút 22. ', '', 'Zoe Asbiye Oritsetimeyin', 'Hajisdgfrean, Nick', 'Hajisdgfrean Nick', 'Nick Hajisdgfrean', 'Hajisdgfrean', 'Nick', '', NULL, 'G5IFGFTZF', 0, '2016-06-26', 'A02931869', '9999 Matusaa City, Mahirler Sok 41/1.', 'Mahirler Sok 41/1. , Matusaa City; 9999 Izrael', 'Izrael', '9999', 'Matusaa City', '', 'Mahirler Sok 41/1. ', 'G5IFGFTZF.jpg', 'M', 1, NULL, 12314, 106, NULL, 185, 106, NULL, b'0', '', b'0', 1, NULL, NULL, NULL, NULL, NULL, NULL, NULL, NULL, 'FULL_TIME_REGISTERED', NULL, NULL, NULL, NULL, NULL, NULL, 12291, 'STUDENT'),
	(12367, b'1', NULL, b'0', b'0', 'Irbid', 'FIRST_YEAR', '1990-08-28', 'hassttzan_bhatti49@yahoo.com', '2014-08-25', '2012-08-27', '', '2022-05-22 19:51:08', '2032 Veszprém, Móricz Zsigmond  körút 22.', 'Móricz Zsigmond  körút 22. , Veszprém; 2032 Csongrád Magyarország', 'Magyarország', '2032', 'Veszprém', 'Csongrád', 'Móricz Zsigmond  körút 22. ', '+36308852421', 'Ziying', 'Hajighrtzhanbari, Nguyen Thuc Anh', 'Hajighrtzhanbari Nguyen Thuc Anh', 'Nguyen Thuc Anh Hajighrtzhanbari', 'Hajighrtzhanbari', 'Nguyen Thuc Anh', '', NULL, 'G5MER8WO', 0, '2024-03-11', 'A02953178', '9999 Matti, Mah Gundogan Sok Gelik apt. 27', 'Mah Gundogan Sok Gelik apt. 27, Matti; 9999 Tajvan', 'Tajvan', '9999', 'Matti', '', 'Mah Gundogan Sok Gelik apt. 27', 'G5MER8WO.jpg', 'F', 1, NULL, 12315, 212, NULL, 185, 100, NULL, b'0', '', b'0', 1, NULL, NULL, NULL, NULL, NULL, NULL, NULL, NULL, 'FULL_TIME_REGISTERED', NULL, NULL, NULL, NULL, NULL, NULL, 12292, 'STUDENT'),
	(12368, b'1', NULL, b'0', b'0', 'Irbid', 'SIXTH_YEAR', '1990-09-01', 'hauttkur.oskarsson@gmail.com', '2008-09-08', '2012-09-03', '', '2022-05-22 19:51:08', '1547 Keszthely, Móricz Zsigmond  körút 22.', 'Móricz Zsigmond  körút 22. , Keszthely; 1547', '', '1547', 'Keszthely', '', 'Móricz Zsigmond  körút 22. ', '06308491359', 'Zion Amenawon', 'Hakoniopardottir, Nguyen Thao My', 'Hakoniopardottir Nguyen Thao My', 'Nguyen Thao My Hakoniopardottir', 'Hakoniopardottir', 'Nguyen Thao My', '', NULL, 'G5TDSL4DD', 0, '2012-08-12', 'A02958437', '9999 Mashhad, Madinah 9602.', 'Madinah 9602. , Mashhad; 9999 Nigéria', 'Nigéria', '9999', 'Mashhad', '', 'Madinah 9602. ', 'G5TDSL4DD.jpg', 'M', 1, NULL, 12316, 160, NULL, 185, 116, NULL, b'0', '', b'0', 1, NULL, NULL, NULL, NULL, NULL, NULL, NULL, NULL, 'FULL_TIME_REGISTERED', NULL, NULL, NULL, NULL, NULL, NULL, 12293, 'STUDENT'),
	(12369, b'1', NULL, b'0', b'0', 'Irbid', 'PREPARATORY', '1990-09-02', 'havzzrest_a@hotmail.com', '2014-09-15', '2011-08-22', '', '2022-05-22 19:53:49', '1032 Csongrád, Móricz Zsigmond  körút 22.', 'Móricz Zsigmond  körút 22. , Csongrád; 1032 Veszprém Magyarország', 'Magyarország', '1032', 'Csongrád', 'Veszprém', 'Móricz Zsigmond  körút 22. ', '+36302090761', 'Zinat Abubakar', 'Hálfduziánardóttir, Nguyen Khoi', 'Hálfduziánardóttir Nguyen Khoi', 'Nguyen Khoi Hálfduziánardóttir', 'Hálfduziánardóttir', 'Nguyen Khoi', '', NULL, 'G5VR9DP', 0, '2018-02-21', 'A02963247', '9999 Mashhad, Madaba utca 3598.', 'Madaba utca 3598. , Mashhad; 9999 Nigéria', 'Nigéria', '9999', 'Mashhad', '', 'Madaba utca 3598. ', 'G5VR9DP.jpg', 'F', 2, NULL, 12317, 160, NULL, 185, 160, NULL, b'0', '', b'0', 2, NULL, NULL, NULL, NULL, NULL, NULL, NULL, NULL, 'FULL_TIME_REGISTERED', NULL, NULL, NULL, NULL, NULL, NULL, 12294, 'STUDENT'),
	(12370, b'1', NULL, b'0', b'0', 'Irbid', 'SECOND_YEAR', '1990-09-02', 'haytta_swed@hotmail.com', '2013-08-29', '2012-08-27', '', '2022-05-22 19:53:49', '2032 Szeged, Móricz Zsigmond  körút 22.', 'Móricz Zsigmond  körút 22. , Szeged; 2032 Tolna Magyarország', 'Magyarország', '2032', 'Szeged', 'Tolna', 'Móricz Zsigmond  körút 22. ', '+36703907496', 'Zinaida', 'Halldkliórsson, Nguyen Duy An', 'Halldkliórsson Nguyen Duy An', 'Nguyen Duy An Halldkliórsson', 'Halldkliórsson', 'Nguyen Duy An', '', NULL, 'G61MDFBP', 0, '2016-08-23', 'A02989335', '9999 Mashhad, Macdemote road 41.', 'Macdemote road 41. , Mashhad; 9999 Izrael', 'Izrael', '9999', 'Mashhad', '', 'Macdemote road 41. ', 'G61MDFBP.jpg', 'M', 1, NULL, 12318, 106, NULL, 185, 102, NULL, b'0', '', b'0', 1, NULL, NULL, NULL, NULL, NULL, NULL, NULL, NULL, 'FULL_TIME_REGISTERED', NULL, NULL, NULL, NULL, NULL, NULL, 12295, 'STUDENT'),
	(12371, b'1', NULL, b'0', b'0', 'Irbid', 'SIXTH_YEAR', '1990-09-08', 'hazeuijoseph@msn.com', '2008-09-08', NULL, '', '2022-05-22 19:53:49', '3032 Debrecen, Móricz Zsigmond  körút 22.', 'Móricz Zsigmond  körút 22. , Debrecen; 3032 Fehér Magyarország', 'Magyarország', '3032', 'Debrecen', 'Fehér', 'Móricz Zsigmond  körút 22. ', '+36304778114', 'Ziad Bassam Adib', 'Hallgrírtmsson, Nguyen Anh', 'Hallgrírtmsson Nguyen Anh', 'Nguyen Anh Hallgrírtmsson', 'Hallgrírtmsson', 'Nguyen Anh', '', NULL, 'G68DFAHN', 0, '2011-05-09', 'A03015749', '9999 Mashhad, Ma\'ali Iron 00.', 'Ma\'ali Iron 00. , Mashhad; 9999 Dél-Korea', 'Dél-Korea', '9999', 'Mashhad', '', 'Ma\'ali Iron 00. ', 'G68DFAHN.jpg', 'F', 1, NULL, 12319, 116, NULL, 185, 229, NULL, b'0', '', b'0', 1, NULL, NULL, NULL, NULL, NULL, NULL, NULL, NULL, 'FULL_TIME_REGISTERED', NULL, NULL, NULL, NULL, NULL, NULL, 12296, 'STUDENT'),
	(12372, b'1', NULL, b'0', b'0', 'Irbid', 'SECOND_YEAR', '1990-09-10', 'hazeggm.kifah@hotmail.com', '2012-09-03', '2012-09-03', '', '2022-05-22 19:53:50', '4032 Nógrád, Móricz Zsigmond  körút 22.', 'Móricz Zsigmond  körút 22. , Nógrád; 4032 Győr-Sopron Magyarország', 'Magyarország', '4032', 'Nógrád', 'Győr-Sopron', 'Móricz Zsigmond  körút 22. ', '+36304728976', 'Zhilwan', 'Hallsuidóttir, Nguper Barbara', 'Hallsuidóttir Nguper Barbara', 'Nguper Barbara Hallsuidóttir', 'Hallsuidóttir', 'Nguper Barbara', '', NULL, 'G6HFDY7Z', 0, '2015-07-19', 'A03019916', '999999 Mashhad, Maali Abad street 23.', 'Maali Abad street 23. , Mashhad; 999999 Nigéria', 'Nigéria', '999999', 'Mashhad', '', 'Maali Abad street 23. ', 'G6HFDY7Z.jpg', 'F', 1, NULL, 12320, 160, NULL, 185, 106, NULL, b'0', '', b'0', 1, NULL, NULL, NULL, NULL, NULL, NULL, NULL, NULL, 'FULL_TIME_REGISTERED', NULL, NULL, NULL, NULL, NULL, NULL, 12297, 'STUDENT'),
	(12373, b'1', NULL, b'0', b'0', 'Isafjördur', 'FIRST_YEAR', '1990-09-11', 'hbk345hjz14566@gmail.com', '2014-08-25', '2011-08-22', '', '2022-05-22 19:53:50', '5032 Eger, Móricz Zsigmond  körút 22.', 'Móricz Zsigmond  körút 22. , Eger; 5032 Vas Magyarország', 'Magyarország', '5032', 'Eger', 'Vas', 'Móricz Zsigmond  körút 22. ', '', 'Zhaoran', 'Hamtzuad, Ngozi Chukwunonso Henrietta', 'Hamtzuad Ngozi Chukwunonso Henrietta', 'Ngozi Chukwunonso Henrietta Hamtzuad', 'Hamtzuad', 'Ngozi Chukwunonso Henrietta', '', NULL, 'G6KIOWT5', 0, '2017-05-30', 'A03023357', '9999 Mashhad, M14 Phu Lam B Apartment, Wand 13 Dist 6 .', 'M14 Phu Lam B Apartment, Wand 13 Dist 6 . , Mashhad; 9999 Norvégia', 'Norvégia', '9999', 'Mashhad', '', 'M14 Phu Lam B Apartment, Wand 13 Dist 6 . ', 'G6KIOWT5.jpg', 'M', 1, NULL, 12321, 164, NULL, 185, 106, NULL, b'0', '', b'0', 1, NULL, NULL, NULL, NULL, NULL, NULL, NULL, NULL, 'FULL_TIME_REGISTERED', NULL, NULL, NULL, NULL, NULL, NULL, 12298, 'STUDENT'),
	(12374, b'1', NULL, b'0', b'1', 'Isafjördur', 'THIRD_YEAR', '1990-09-15', 'heasldfip.rob@gmail.com', '2012-09-03', '2012-08-27', '', '2022-05-22 19:53:50', '6032 Veszprém, Móricz Zsigmond  körút 22.', 'Móricz Zsigmond  körút 22. , Veszprém; 6032 Hajdú-Bihar Magyarország', 'Magyarország', '6032', 'Veszprém', 'Hajdú-Bihar', 'Móricz Zsigmond  körút 22. ', '', 'Zandra Therese', 'Haeemdan, Ngoc Thao Hien', 'Haeemdan Ngoc Thao Hien', 'Ngoc Thao Hien Haeemdan', 'Haeemdan', 'Ngoc Thao Hien', '', NULL, 'G6ZPOET1', 0, NULL, 'A03025409', '9999 Mashhad, M1-01,fl.2,H2ap.,Hoang Dieu str. egyéb Ward 8..', 'M1-01,fl.2,H2ap.,Hoang Dieu str. egyéb Ward 8.. , Mashhad; 9999 Nigéria', 'Nigéria', '9999', 'Mashhad', '', 'M1-01,fl.2,H2ap.,Hoang Dieu str. egyéb Ward 8.. ', 'G6ZPOET1.jpg', 'M', 1, NULL, 12322, 160, NULL, 185, 109, NULL, b'0', '', b'0', 1, NULL, NULL, NULL, NULL, NULL, NULL, NULL, NULL, 'FULL_TIME_REGISTERED', NULL, NULL, NULL, NULL, NULL, NULL, 12299, 'STUDENT'),
	(12375, b'1', NULL, b'0', b'0', 'Ishikawa', 'THIRD_YEAR', '1990-09-16', 'hedafdrgdya_m@hotmail.com', '2011-08-22', NULL, '', '2022-05-22 19:53:50', '7032 Keszthely, Móricz Zsigmond  körút 22.', 'Móricz Zsigmond  körút 22. , Keszthely; 7032 Pest Magyarország', 'Magyarország', '7032', 'Keszthely', 'Pest', 'Móricz Zsigmond  körút 22. ', '+36308729271', 'Zaishang', 'Haertmid, Ngoc Quynh Tram', 'Haertmid Ngoc Quynh Tram', 'Ngoc Quynh Tram Haertmid', 'Haertmid', 'Ngoc Quynh Tram', '', NULL, 'G76OBNYW', 0, '2020-01-24', 'A03077151', 'Mariestad, Lyngbrekka1, 640 .', 'Lyngbrekka1, 640 . , Mariestad;', '', '', 'Mariestad', '', 'Lyngbrekka1, 640 . ', 'G76OBNYW.jpg', 'M', 1, NULL, 12323, 230, NULL, 185, 229, NULL, b'0', '', b'0', 1, NULL, NULL, NULL, NULL, NULL, NULL, NULL, NULL, 'FULL_TIME_REGISTERED', NULL, NULL, NULL, NULL, NULL, NULL, 12300, 'STUDENT'),
	(12376, b'1', NULL, b'0', b'1', 'Isleworth', 'THIRD_YEAR', '1990-09-17', 'heddgdrtganilssen@hotmail.com', '2012-08-27', NULL, '', '2022-05-22 19:53:50', '8032 Csongrád, Móricz Zsigmond  körút 22.', 'Móricz Zsigmond  körút 22. , Csongrád; 8032 Kiskun Magyarország', 'Magyarország', '8032', 'Csongrád', 'Kiskun', 'Móricz Zsigmond  körút 22. ', '+36303738614', 'Zainab-nawal', 'Hamsdmade, Ngoc Quoc Bao', 'Hamsdmade Ngoc Quoc Bao', 'Ngoc Quoc Bao Hamsdmade', 'Hamsdmade', 'Ngoc Quoc Bao', '', NULL, 'G7FKA3KK', 0, NULL, 'A03077600', '41708 Mariestad, Lyngasen 14., 1405 .', 'Lyngasen 14., 1405 . , Mariestad; 41708 Svédország', 'Svédország', '41708', 'Mariestad', '', 'Lyngasen 14., 1405 . ', 'G7FKA3KK.jpg', 'M', 1, NULL, 12324, 209, NULL, 185, 229, NULL, b'0', '', b'0', 1, NULL, NULL, NULL, NULL, NULL, NULL, NULL, NULL, 'FULL_TIME_REGISTERED', NULL, NULL, NULL, NULL, NULL, NULL, 12301, 'STUDENT'),
	(12377, b'1', NULL, b'0', b'0', 'Israel', 'PREPARATORY', '1990-09-17', 'hedmfrtzan.maria@live.se', '2014-09-05', NULL, '', '2022-05-22 19:53:50', '1032 Szeged, Móricz Zsigmond  körút 22.', 'Móricz Zsigmond  körút 22. , Szeged; 1032 Csongrád', '', '1032', 'Szeged', 'Csongrád', 'Móricz Zsigmond  körút 22. ', '+36705921827', 'Zainab Titilayo', 'Hamuassnime, Ngoc Khoi Nguyen', 'Hamuassnime Ngoc Khoi Nguyen', 'Ngoc Khoi Nguyen Hamuassnime', 'Hamuassnime', 'Ngoc Khoi Nguyen', '', NULL, 'G7MGHKYB', 0, '2017-07-21', 'A03077993', '9999 Mariestad, Ly Thai To street 324.', 'Ly Thai To street 324. , Mariestad; 9999 Izland', 'Izland', '9999', 'Mariestad', '', 'Ly Thai To street 324. ', 'G7MGHKYB.jpg', 'M', 2, NULL, 12325, 99, NULL, 185, 209, NULL, b'0', '', b'0', 2, NULL, NULL, NULL, NULL, NULL, NULL, NULL, NULL, 'FULL_TIME_REGISTERED', NULL, NULL, NULL, NULL, NULL, NULL, 12302, 'STUDENT'),
	(12378, b'1', NULL, b'0', b'1', 'Israel', 'THIRD_YEAR', '1990-09-19', 'heidasfgrrianm97@gmail.com', '2012-09-11', '2012-09-03', '', '2022-05-22 19:53:50', '2032 Debrecen, Móricz Zsigmond  22.', 'Móricz Zsigmond  22. , Debrecen; 2032 Magyarország', 'Magyarország', '2032', 'Debrecen', '', 'Móricz Zsigmond  22. ', '06702057224', 'Zainab Abdullah', 'Hamza, Ngoc Gia Khanh', 'Hamza Ngoc Gia Khanh', 'Ngoc Gia Khanh Hamza', 'Hamza', 'Ngoc Gia Khanh', '', NULL, 'G7PJE2P3', 0, NULL, 'A03120365', '31000 Marand, Lundavagün street 24.', 'Lundavagün street 24. , Marand; 31000 Törökország', 'Törökország', '31000', 'Marand', '', 'Lundavagün street 24. ', 'G7PJE2P3.jpg', 'M', 6, NULL, 12326, 222, NULL, 185, 222, NULL, b'0', '', b'0', 6, NULL, NULL, NULL, NULL, NULL, NULL, NULL, NULL, 'FULL_TIME_REGISTERED', NULL, NULL, NULL, NULL, NULL, NULL, 12303, 'STUDENT'),
	(12379, b'1', NULL, b'0', b'0', 'Israel', 'FOURTH_YEAR', '1990-09-21', 'helgsfrfa.marie.thorsdottir@gmail.com', '2010-09-01', '2011-08-22', '', '2022-05-22 19:55:33', '3032 Nógrád, Móricz Zsigmod körút 22. 3101. ajtó', 'Móricz Zsigmod körút 22. 3101. ajtó, Nógrád; 3032 Veszprém Magyarország', 'Magyarország', '3032', 'Nógrád', 'Veszprém', 'Móricz Zsigmod körút 22. 3101. ajtó', '', 'Zainabut', 'Hrtan, Ngoc Bich Tram', 'Hrtan Ngoc Bich Tram', 'Ngoc Bich Tram Hrtan', 'Hrtan', 'Ngoc Bich Tram', '', NULL, 'G7SXDF4', 0, '2016-05-23', 'A03155218', 'B902LB Manisa, Lukulu street Wuse, Zone 3, Abuja', 'Lukulu street Wuse, Zone 3, Abuja, Manisa; B902LB Nagy-Britannia', 'Nagy-Britannia', 'B902LB', 'Manisa', '', 'Lukulu street Wuse, Zone 3, Abuja', 'G7SXDF4.jpg', 'M', 1, NULL, 12327, 99, NULL, 185, 106, NULL, b'0', '', b'0', 1, NULL, NULL, NULL, NULL, NULL, NULL, NULL, NULL, 'FULL_TIME_REGISTERED', NULL, NULL, NULL, NULL, NULL, NULL, 12304, 'STUDENT'),
	(12380, b'1', NULL, b'0', b'0', 'Israel', 'FIRST_YEAR', '1990-09-21', 'heljhkuga93@gmail.com', '2014-09-03', '2012-08-27', '', '2022-05-22 19:57:03', '4032 Eger, Móricz Zsigminond krt 22', 'Móricz Zsigminond krt 22, Eger; 4032 Tolna Magyarország', 'Magyarország', '4032', 'Eger', 'Tolna', 'Móricz Zsigminond krt 22', '', 'Zainab', 'Hauzn, Ngoc Anh Tu', 'Hauzn Ngoc Anh Tu', 'Ngoc Anh Tu Hauzn', 'Hauzn', 'Ngoc Anh Tu', '', NULL, 'G8BDQF03', 0, '2019-03-06', 'A03159648', 'Manisa, Luizen Haus, Seongsan Gu street 105. 402. ajtó', 'Luizen Haus, Seongsan Gu street 105. 402. ajtó, Manisa; Irán', 'Irán', '', 'Manisa', '', 'Luizen Haus, Seongsan Gu street 105. 402. ajtó', 'G8BDQF03.jpg', 'M', 8, NULL, 12328, 102, NULL, 185, 209, NULL, b'0', '', b'0', 8, NULL, NULL, NULL, NULL, NULL, NULL, NULL, NULL, 'FULL_TIME_REGISTERED', NULL, NULL, NULL, NULL, NULL, NULL, 12305, 'STUDENT'),
	(12381, b'1', NULL, b'0', b'0', 'Israel', 'THIRD_YEAR', '1990-09-23', 'hehumjzlin.kizilkaya@hotmail.com', '2010-09-02', NULL, '', '2022-05-22 19:57:03', '5032 Veszprém, Móricz Zs.krt.22., 5102 ajt.', 'Móricz Zs.krt.22., 5102 ajt., Veszprém; 5032 Fehér Magyarország', 'Magyarország', '5032', 'Veszprém', 'Fehér', 'Móricz Zs.krt.22., 5102 ajt.', '06705905990', 'Zain', 'Hafghn, Newsha', 'Hafghn Newsha', 'Newsha Hafghn', 'Hafghn', 'Newsha', '', NULL, 'G9FWXBOZ', 0, '2013-06-27', 'A03162842', '9999 Mando Kaduna, Lugard Road 5.', 'Lugard Road 5. , Mando Kaduna; 9999 Irán', 'Irán', '9999', 'Mando Kaduna', '', 'Lugard Road 5. ', 'G9FWXBOZ.jpg', 'M', 5, NULL, 12329, 102, NULL, 185, 209, NULL, b'0', '', b'0', 5, NULL, NULL, NULL, NULL, NULL, NULL, NULL, NULL, 'FULL_TIME_REGISTERED', NULL, NULL, NULL, NULL, NULL, NULL, 12306, 'STUDENT'),
	(12382, b'1', NULL, b'0', b'0', 'Israel', 'SECOND_YEAR', '1990-09-23', 'hehhjzummali92@hotmail.com', '2011-08-22', NULL, '', '2022-05-22 19:57:03', '1032 Szeged, Móricz Zs.krt.22, 2110 szob.', 'Móricz Zs.krt.22, 2110 szob., Szeged; 1032 Győr-Sopron Magyarország', 'Magyarország', '1032', 'Szeged', 'Győr-Sopron', 'Móricz Zs.krt.22, 2110 szob.', '+36702007479', 'Zaid Sajid', 'Hannewesdottir, Neta-Lee', 'Hannewesdottir Neta-Lee', 'Neta-Lee Hannewesdottir', 'Hannewesdottir', 'Neta-Lee', '', NULL, 'G9FKG3A6', 0, '2015-11-02', 'A03165558', 'Manchester, Lucerne út 11.', 'Lucerne út 11. , Manchester;', '', '', 'Manchester', '', 'Lucerne út 11. ', 'G9FKG3A6.jpg', 'F', 1, NULL, 12330, 160, NULL, 185, 102, NULL, b'0', '', b'0', 1, NULL, NULL, NULL, NULL, NULL, NULL, NULL, NULL, 'FULL_TIME_REGISTERED', NULL, NULL, NULL, NULL, NULL, NULL, 12307, 'STUDENT'),
	(12383, b'1', NULL, b'0', b'0', 'Israel', 'FOURTH_YEAR', '1990-09-26', 'henjtftriogoh@yahoo.com', '2010-09-21', NULL, '', '2022-05-22 19:57:04', '2032 Debrecen, Móricz Zs. u. 22.', 'Móricz Zs. u. 22., Debrecen; 2032 Vas Magyarország', 'Magyarország', '2032', 'Debrecen', 'Vas', 'Móricz Zs. u. 22.', '06205187683', 'Zaid', 'Hannedfesson, Neta', 'Hannedfesson Neta', 'Neta Hannedfesson', 'Hannedfesson', 'Neta', '', NULL, 'GAJU4K9N', 0, '2011-04-24', 'A03241502', 'Manchester, Loveien 1.', 'Loveien 1. , Manchester;', '', '', 'Manchester', '', 'Loveien 1. ', 'GAJU4K9N.jpg', 'M', 5, NULL, 12331, 102, NULL, 185, 102, NULL, b'0', '', b'0', 5, NULL, NULL, NULL, NULL, NULL, NULL, NULL, NULL, 'FULL_TIME_REGISTERED', NULL, NULL, NULL, NULL, NULL, NULL, 12308, 'STUDENT'),
	(12384, b'1', NULL, b'0', b'0', 'Israel', 'SECOND_YEAR', '1990-09-27', 'henhdry90121@gmail.com', '2013-08-29', NULL, '', '2022-05-22 19:57:04', '3032 Nógrád, Móricz Zs. lakópark 22.', 'Móricz Zs. lakópark 22. , Nógrád; 3032 Tolna Magyarország', 'Magyarország', '3032', 'Nógrád', 'Tolna', 'Móricz Zs. lakópark 22. ', '+36704397480', 'Zahra Abdullah K', 'Hanssedóttir, Nelson Chukwuemeka', 'Hanssedóttir Nelson Chukwuemeka', 'Nelson Chukwuemeka Hanssedóttir', 'Hanssedóttir', 'Nelson Chukwuemeka', '', NULL, 'GA7MG3QM', 0, '2019-07-19', 'A03259733', '9999 Manchester, Lotsgatan 11.', 'Lotsgatan 11., Manchester; 9999 Izrael', 'Izrael', '9999', 'Manchester', '', 'Lotsgatan 11.', 'GA7MG3QM.jpg', 'M', 1, NULL, 12332, 106, NULL, 185, 160, NULL, b'0', '', b'0', 1, NULL, NULL, NULL, NULL, NULL, NULL, NULL, NULL, 'FULL_TIME_REGISTERED', NULL, NULL, NULL, NULL, NULL, NULL, 12309, 'STUDENT'),
	(12385, b'1', NULL, b'0', b'0', 'Israel', 'FIFTH_YEAR', '1990-09-27', 'herdtetmann@hpjonsson.com', '2009-09-18', NULL, '', '2022-05-22 19:58:03', '4032 Eger, Móricz Zs. krt.22. 603 szoba', 'Móricz Zs. krt.22. 603 szoba, Eger; 4032 Fehér Magyarország', 'Magyarország', '4032', 'Eger', 'Fehér', 'Móricz Zs. krt.22. 603 szoba', '', 'Zahra', 'Hanseen Norhsseeim, Nejbir', 'Hanseen Norhsseeim Nejbir', 'Nejbir Hanseen Norhsseeim', 'Hanseen Norhsseeim', 'Nejbir', '', NULL, 'GAFVBPBD', 0, '2009-11-19', 'A03294840', '9999 Manchester, Loschwitzerweg utca 29.', 'Loschwitzerweg utca 29. , Manchester; 9999 Törökország', 'Törökország', '9999', 'Manchester', '', 'Loschwitzerweg utca 29. ', 'GAFVBPBD.jpg', 'M', 1, NULL, 12333, 222, NULL, 185, 209, NULL, b'0', '', b'0', 1, NULL, NULL, NULL, NULL, NULL, NULL, NULL, NULL, 'FULL_TIME_REGISTERED', NULL, NULL, NULL, NULL, NULL, NULL, 12310, 'STUDENT'),
	(12386, b'1', NULL, b'0', b'0', 'Israel', 'FIFTH_YEAR', '1990-09-27', 'heycfseteomeon11@gmail.com', '2009-09-13', NULL, '', '2022-05-22 19:58:03', '5032 Veszprém, Móricz Zs. krt.22', 'Móricz Zs. krt.22, Veszprém; 5032 Győr-Sopron', '', '5032', 'Veszprém', 'Győr-Sopron', 'Móricz Zs. krt.22', '06702328423', 'Zahira', 'Harrilal, Neil', 'Harrilal Neil', 'Neil Harrilal', 'Harrilal', 'Neil', '', NULL, 'GAPDR5B7', 0, '2017-05-24', 'A03313296', '9999 Manacaud Kerala, Long Shan Road, Yu Bei District utca No.64.', 'Long Shan Road, Yu Bei District utca No.64. , Manacaud Kerala; 9999 Norvégia', 'Norvégia', '9999', 'Manacaud Kerala', '', 'Long Shan Road, Yu Bei District utca No.64. ', 'GAPDR5B7.jpg', 'M', 1, NULL, 12334, 164, NULL, 185, 160, NULL, b'0', '', b'0', 1, NULL, NULL, NULL, NULL, NULL, NULL, NULL, NULL, 'FULL_TIME_REGISTERED', NULL, NULL, NULL, NULL, NULL, NULL, 12311, 'STUDENT'),
	(12387, b'1', NULL, b'0', b'0', 'Israel', 'SIXTH_YEAR', '1990-09-29', 'hi_imseteeyeji@naver.com', '2009-09-13', NULL, '', '2022-05-22 19:58:03', '6032 Keszthely, Móricz Zs. krt. Auguszta Hotel 5128. szoba', 'Móricz Zs. krt. Auguszta Hotel 5128. szoba, Keszthely; 6032 Vas', '', '6032', 'Keszthely', 'Vas', 'Móricz Zs. krt. Auguszta Hotel 5128. szoba', '', 'Ngoc Lee', 'Haturiri, Neha', 'Haturiri Neha', 'Neha Haturiri', 'Haturiri', 'Neha', '', NULL, 'GARDZ2N7', 0, '2012-05-18', 'A03316383', '16363 Mamfe, Long Island street 178. 23373. ajtó', 'Long Island street 178. 23373. ajtó, Mamfe; 16363 Svédország', 'Svédország', '16363', 'Mamfe', '', 'Long Island street 178. 23373. ajtó', 'GARDZ2N7.jpg', 'F', 1, NULL, 12335, 200, NULL, 185, 106, NULL, b'0', '', b'0', 1, NULL, NULL, NULL, NULL, NULL, NULL, NULL, NULL, 'FULL_TIME_REGISTERED', NULL, NULL, NULL, NULL, NULL, NULL, 12312, 'STUDENT'),
	(12388, b'1', NULL, b'0', b'0', 'Incheon', 'SIXTH_YEAR', '1990-08-21', 'Hasehim10000@hotmail.com', '2009-09-13', NULL, '', '2022-05-22 20:33:38', '7032 Szeged, Móricz Zsigmond  körút 22.', 'Móricz Zsigmond  körút 22. , Szeged; 7032', '', '7032', 'Szeged', '', 'Móricz Zsigmond  körút 22. ', '06705275792', 'Zuhal', 'Hajsffghoseinaliabadi, Nikhil Rao', 'Hajsffghoseinaliabadi Nikhil Rao', 'Nikhil Rao Hajsffghoseinaliabadi', 'Hajsffghoseinaliabadi', 'Nikhil Rao', '', NULL, 'G4FGT8CH1', 0, '2016-02-15', 'A02886222', '9999 Menashe, Makada  utca 1.', 'Makada  utca 1. , Menashe; 9999 Japán', 'Japán', '9999', 'Menashe', '', 'Makada  utca 1. ', 'G4FGT8CH1.jpg', 'F', 1, NULL, 12336, 109, NULL, 185, 160, NULL, b'0', '', b'0', 1, NULL, NULL, NULL, NULL, NULL, NULL, NULL, NULL, 'FULL_TIME_REGISTERED', NULL, NULL, NULL, NULL, NULL, NULL, 12313, 'STUDENT'),
	(12389, b'1', NULL, b'0', b'0', 'Incheon', 'SIXTH_YEAR', '1990-08-21', 'Hasehim10000@hotmail.com', '2009-09-13', NULL, '', '2022-05-24 18:27:11', '7032 Szeged, Móricz Zsigmond  körút 22.', 'Móricz Zsigmond  körút 22. , Szeged; 7032', '', '7032', 'Szeged', '', 'Móricz Zsigmond  körút 22. ', '06705275792', 'Zuhal', 'Hajsffghoseinaliabadi, Nikhil Rao', 'Hajsffghoseinaliabadi Nikhil Rao', 'Nikhil Rao Hajsffghoseinaliabadi', 'Hajsffghoseinaliabadi', 'Nikhil Rao', '', NULL, 'G4FGT8CH2', 0, '2016-02-15', 'A02886222', '9999 Menashe, Makada  utca 1.', 'Makada  utca 1. , Menashe; 9999 Japán', 'Japán', '9999', 'Menashe', '', 'Makada  utca 1. ', 'G4FGT8CH2.jpg', 'F', 1, NULL, 12337, 109, NULL, 185, 160, NULL, b'0', '', b'0', 1, NULL, NULL, NULL, NULL, NULL, NULL, NULL, NULL, 'FULL_TIME_REGISTERED', NULL, NULL, NULL, NULL, NULL, NULL, 12314, 'STUDENT');
/*!40000 ALTER TABLE `student` ENABLE KEYS */;

-- Dumping structure for table eduard.student_document
DROP TABLE IF EXISTS `student_document`;
CREATE TABLE IF NOT EXISTS `student_document` (
  `s_id` bigint(20) NOT NULL,
  `d_id` bigint(20) NOT NULL,
  UNIQUE KEY `d_id` (`d_id`),
  KEY `FK5EE2D29FD88C5172` (`s_id`),
  CONSTRAINT `FK5EE2D29FD88C5172` FOREIGN KEY (`s_id`) REFERENCES `student` (`id`),
  CONSTRAINT `FK5EE2D29FF6367B21` FOREIGN KEY (`d_id`) REFERENCES `document` (`id`)
) ENGINE=InnoDB DEFAULT CHARSET=utf8 COLLATE=utf8_hungarian_ci;

-- Dumping data for table eduard.student_document: ~37 rows (approximately)
/*!40000 ALTER TABLE `student_document` DISABLE KEYS */;
INSERT INTO `student_document` (`s_id`, `d_id`) VALUES
	(12345, 65546),
	(12347, 65580),
	(12347, 65581),
	(12347, 65582),
	(12347, 65583),
	(12348, 65547),
	(12348, 65548),
	(12348, 65549),
	(12348, 65550),
	(12348, 65551),
	(12348, 65552),
	(12349, 65553),
	(12349, 65554),
	(12349, 65555),
	(12349, 65556),
	(12349, 65557),
	(12349, 65558),
	(12349, 65579),
	(12351, 65572),
	(12352, 65560),
	(12352, 65561),
	(12352, 65562),
	(12352, 65563),
	(12352, 65564),
	(12352, 65565),
	(12353, 65566),
	(12353, 65567),
	(12353, 65568),
	(12353, 65569),
	(12353, 65570),
	(12353, 65571),
	(12356, 65573),
	(12356, 65574),
	(12356, 65575),
	(12356, 65576),
	(12356, 65577),
	(12356, 65578);
/*!40000 ALTER TABLE `student_document` ENABLE KEYS */;

-- Dumping structure for table eduard.student_exam_data
DROP TABLE IF EXISTS `student_exam_data`;
CREATE TABLE IF NOT EXISTS `student_exam_data` (
  `student_id` bigint(20) NOT NULL,
  `dataFromPreviousExams_id` bigint(20) NOT NULL,
  `examData_index` int(11) NOT NULL,
  PRIMARY KEY (`student_id`,`examData_index`),
  UNIQUE KEY `dataFromPreviousExams_id` (`dataFromPreviousExams_id`),
  KEY `FK406D5AC62F720FFE` (`dataFromPreviousExams_id`),
  KEY `FK406D5AC67A5B6716` (`student_id`)
) ENGINE=InnoDB DEFAULT CHARSET=utf8 COLLATE=utf8_hungarian_ci;

-- Dumping data for table eduard.student_exam_data: ~0 rows (approximately)
/*!40000 ALTER TABLE `student_exam_data` DISABLE KEYS */;
INSERT INTO `student_exam_data` (`student_id`, `dataFromPreviousExams_id`, `examData_index`) VALUES
	(12347, 12278, 0),
	(12347, 12279, 1);
/*!40000 ALTER TABLE `student_exam_data` ENABLE KEYS */;

-- Dumping structure for table eduard.student_request
DROP TABLE IF EXISTS `student_request`;
CREATE TABLE IF NOT EXISTS `student_request` (
  `id` bigint(20) NOT NULL AUTO_INCREMENT,
  `contactEmail` varchar(255) COLLATE utf8_hungarian_ci DEFAULT NULL,
  `dateSubmitted` date DEFAULT NULL,
  `dateSuggested` date DEFAULT NULL,
  `refundReason` varchar(255) COLLATE utf8_hungarian_ci DEFAULT NULL,
  `requestSubject` varchar(255) COLLATE utf8_hungarian_ci DEFAULT NULL,
  `requestText` longtext COLLATE utf8_hungarian_ci DEFAULT NULL,
  `requestType` varchar(255) COLLATE utf8_hungarian_ci DEFAULT NULL,
  `bank_id` bigint(20) DEFAULT NULL,
  `requestedMajor_id` bigint(20) DEFAULT NULL,
  `student_id` bigint(20) DEFAULT NULL,
  PRIMARY KEY (`id`),
  KEY `FK6C00B08B3702808F` (`requestedMajor_id`),
  KEY `FK6C00B08B6411BE7E` (`bank_id`),
  KEY `FK6C00B08B7A5B6716` (`student_id`)
) ENGINE=InnoDB DEFAULT CHARSET=utf8 COLLATE=utf8_hungarian_ci;

-- Dumping data for table eduard.student_request: ~0 rows (approximately)
/*!40000 ALTER TABLE `student_request` DISABLE KEYS */;
/*!40000 ALTER TABLE `student_request` ENABLE KEYS */;

-- Dumping structure for table eduard.student_request_document
DROP TABLE IF EXISTS `student_request_document`;
CREATE TABLE IF NOT EXISTS `student_request_document` (
  `student_request_id` bigint(20) NOT NULL,
  `requestDocument_id` bigint(20) NOT NULL,
  PRIMARY KEY (`student_request_id`,`requestDocument_id`),
  UNIQUE KEY `requestDocument_id` (`requestDocument_id`),
  KEY `FK6E67BE4F1F34D267` (`student_request_id`),
  KEY `FK6E67BE4FE2F74A2F` (`requestDocument_id`)
) ENGINE=InnoDB DEFAULT CHARSET=utf8 COLLATE=utf8_hungarian_ci;

-- Dumping data for table eduard.student_request_document: ~0 rows (approximately)
/*!40000 ALTER TABLE `student_request_document` DISABLE KEYS */;
/*!40000 ALTER TABLE `student_request_document` ENABLE KEYS */;

-- Dumping structure for table eduard.student_request_eduard_user
DROP TABLE IF EXISTS `student_request_eduard_user`;
CREATE TABLE IF NOT EXISTS `student_request_eduard_user` (
  `student_request_id` bigint(20) NOT NULL,
  `addressee_id` bigint(20) NOT NULL,
  PRIMARY KEY (`student_request_id`,`addressee_id`),
  UNIQUE KEY `addressee_id` (`addressee_id`),
  KEY `FK65A9AE391F34D267` (`student_request_id`),
  KEY `FK65A9AE3988400FB5` (`addressee_id`)
) ENGINE=InnoDB DEFAULT CHARSET=utf8 COLLATE=utf8_hungarian_ci;

-- Dumping data for table eduard.student_request_eduard_user: ~0 rows (approximately)
/*!40000 ALTER TABLE `student_request_eduard_user` DISABLE KEYS */;
/*!40000 ALTER TABLE `student_request_eduard_user` ENABLE KEYS */;

-- Dumping structure for table eduard.student_request_student_semester
DROP TABLE IF EXISTS `student_request_student_semester`;
CREATE TABLE IF NOT EXISTS `student_request_student_semester` (
  `student_request_id` bigint(20) NOT NULL,
  `semesters_id` bigint(20) NOT NULL,
  KEY `FK7DFC8BF01F34D267` (`student_request_id`),
  KEY `FK7DFC8BF0E38616E` (`semesters_id`)
) ENGINE=InnoDB DEFAULT CHARSET=utf8 COLLATE=utf8_hungarian_ci;

-- Dumping data for table eduard.student_request_student_semester: ~0 rows (approximately)
/*!40000 ALTER TABLE `student_request_student_semester` DISABLE KEYS */;
/*!40000 ALTER TABLE `student_request_student_semester` ENABLE KEYS */;

-- Dumping structure for table eduard.student_semester
DROP TABLE IF EXISTS `student_semester`;
CREATE TABLE IF NOT EXISTS `student_semester` (
  `id` bigint(20) NOT NULL AUTO_INCREMENT,
  `balance` double NOT NULL,
  `collectedCredit` int(11) NOT NULL,
  `dueSum` double NOT NULL,
  `gradePointAverage` double NOT NULL,
  `paidSum` double NOT NULL,
  `status` varchar(255) COLLATE utf8_hungarian_ci DEFAULT NULL,
  `dueTuitionFee_id` bigint(20) DEFAULT NULL,
  `semesterIdent_id` bigint(20) DEFAULT NULL,
  `programName` varchar(255) COLLATE utf8_hungarian_ci DEFAULT NULL,
  `mainProgramName` varchar(255) COLLATE utf8_hungarian_ci DEFAULT NULL,
  PRIMARY KEY (`id`),
  KEY `FK744812BCFF78DBCA` (`dueTuitionFee_id`),
  KEY `FK744812BC646E776A` (`semesterIdent_id`),
  CONSTRAINT `FK744812BC646E776A` FOREIGN KEY (`semesterIdent_id`) REFERENCES `semester` (`id`)
) ENGINE=InnoDB AUTO_INCREMENT=40310 DEFAULT CHARSET=utf8 COLLATE=utf8_hungarian_ci;

-- Dumping data for table eduard.student_semester: ~42 rows (approximately)
/*!40000 ALTER TABLE `student_semester` DISABLE KEYS */;
INSERT INTO `student_semester` (`id`, `balance`, `collectedCredit`, `dueSum`, `gradePointAverage`, `paidSum`, `status`, `dueTuitionFee_id`, `semesterIdent_id`, `programName`, `mainProgramName`) VALUES
	(40266, -7000, 0, 12000, 0, 5000, 'ADMITTED', NULL, 25, 'Basic Medicine Course', NULL),
	(40268, 0, 0, 0, 0, 0, 'FULL_TIME_REGISTERED', NULL, 19, 'Basic Medicine Course', 'Medicine (MD)'),
	(40269, 0, 0, 0, 0, 0, 'FULL_TIME_REGISTERED', NULL, 19, 'Basic Medicine Course', 'Medicine (MD)'),
	(40270, 0, 0, 0, 0, 0, 'FULL_TIME_REGISTERED', NULL, 20, 'Basic Medicine Course', 'Medicine (MD)'),
	(40271, 0, 0, 0, 0, 0, 'FULL_TIME_REGISTERED', NULL, 21, 'Basic Medicine Course', 'Medicine (MD)'),
	(40273, 0, 0, 0, 0, 0, 'ADMITTED', NULL, 19, 'Chemistry MSc', NULL),
	(40274, 0, 0, 0, 0, 0, 'FULL_TIME_REGISTERED', NULL, 19, 'Basic Medicine Course', 'Medicine (MD)'),
	(40275, 0, 0, 0, 0, 0, 'ADMITTED', NULL, 19, 'Animal Science PhD', NULL),
	(40276, 0, 0, 0, 0, 0, 'ADMITTED', NULL, 21, 'Agricultural Engineering BSc', NULL),
	(40277, 0, 0, 0, 0, 0, 'ADMITTED', NULL, 19, 'Agribusiness and Rural Development Engineering BSc', NULL),
	(40278, 0, 0, 0, 0, 0, 'ADMITTED', NULL, 21, 'Basic Medicine Course', NULL),
	(40279, 0, 0, 0, 0, 0, 'FULL_TIME_REGISTERED', NULL, 21, 'Chemistry MSc', 'Medicine (MD)'),
	(40280, 0, 0, 0, 0, 0, 'APPLICANT', NULL, 19, 'Medicine (MD)', NULL),
	(40281, 0, 0, 0, 0, 0, 'ADMITTED', NULL, 21, 'Medicine (MD)', NULL),
	(40282, 0, 0, 0, 0, 0, 'FULL_TIME_REGISTERED', NULL, 22, 'Medicine (MD)', 'Medicine (MD)'),
	(40283, 0, 0, 0, 0, 0, 'FULL_TIME_REGISTERED', NULL, 20, 'Medicine (MD)', 'Medicine (MD)'),
	(40284, 0, 0, 0, 0, 0, 'FULL_TIME_REGISTERED', NULL, 20, 'Medicine (MD)', 'Medicine (MD)'),
	(40285, 0, 0, 0, 0, 0, 'FULL_TIME_REGISTERED', NULL, 20, 'Dentistry (DMD)', 'Dentistry (DMD)'),
	(40286, 0, 0, 0, 0, 0, 'FULL_TIME_REGISTERED', NULL, 20, 'Medicine (MD)', 'Medicine (MD)'),
	(40287, 0, 0, 0, 0, 0, 'FULL_TIME_REGISTERED', NULL, 20, 'Medicine (MD)', 'Medicine (MD)'),
	(40288, 0, 0, 0, 0, 0, 'FULL_TIME_REGISTERED', NULL, 20, 'Medicine (MD)', 'Medicine (MD)'),
	(40289, 0, 0, 0, 0, 0, 'FULL_TIME_REGISTERED', NULL, 20, 'Basic Medicine Course', 'Basic Medicine Course'),
	(40290, 0, 0, 0, 0, 0, 'FULL_TIME_REGISTERED', NULL, 20, 'Medicine (MD)', 'Medicine (MD)'),
	(40291, 0, 0, 0, 4, 0, 'FULL_TIME_REGISTERED', NULL, 20, 'Medicine (MD)', 'Medicine (MD)'),
	(40292, 0, 0, 0, 0, 0, 'FULL_TIME_REGISTERED', NULL, 20, 'Medicine (MD)', 'Medicine (MD)'),
	(40293, 0, 0, 0, 0, 0, 'FULL_TIME_REGISTERED', NULL, 20, 'Medicine (MD)', 'Medicine (MD)'),
	(40294, 0, 0, 0, 0, 0, 'FULL_TIME_REGISTERED', NULL, 20, 'Medicine (MD)', 'Medicine (MD)'),
	(40295, 0, 0, 0, 0, 0, 'FULL_TIME_REGISTERED', NULL, 20, 'Medicine (MD)', 'Medicine (MD)'),
	(40296, 0, 0, 0, 0, 0, 'FULL_TIME_REGISTERED', NULL, 20, 'Medicine (MD)', 'Medicine (MD)'),
	(40297, 0, 0, 0, 0, 0, 'FULL_TIME_REGISTERED', NULL, 20, 'Basic Medicine Course', 'Basic Medicine Course'),
	(40298, 0, 0, 0, 0, 0, 'FULL_TIME_REGISTERED', NULL, 20, 'Physiotherapy BSc', 'Physiotherapy BSc'),
	(40299, 0, 0, 0, 0, 0, 'FULL_TIME_REGISTERED', NULL, 20, 'Medicine (MD)', 'Medicine (MD)'),
	(40300, 0, 0, 0, 0, 0, 'FULL_TIME_REGISTERED', NULL, 20, 'Public Health MSc', 'Public Health MSc'),
	(40301, 0, 0, 0, 0, 0, 'FULL_TIME_REGISTERED', NULL, 20, 'Dentistry (DMD)', 'Dentistry (DMD)'),
	(40302, 0, 0, 0, 0, 0, 'FULL_TIME_REGISTERED', NULL, 20, 'Medicine (MD)', 'Medicine (MD)'),
	(40303, 0, 0, 0, 0, 0, 'FULL_TIME_REGISTERED', NULL, 20, 'Dentistry (DMD)', 'Dentistry (DMD)'),
	(40304, 0, 0, 0, 0, 0, 'FULL_TIME_REGISTERED', NULL, 20, 'Medicine (MD)', 'Medicine (MD)'),
	(40305, 0, 0, 0, 0, 0, 'FULL_TIME_REGISTERED', NULL, 20, 'Medicine (MD)', 'Medicine (MD)'),
	(40306, 0, 0, 0, 0, 0, 'FULL_TIME_REGISTERED', NULL, 20, 'Medicine (MD)', 'Medicine (MD)'),
	(40307, 0, 0, 0, 0, 0, 'FULL_TIME_REGISTERED', NULL, 20, 'Medicine (MD)', 'Medicine (MD)'),
	(40308, 0, 0, 0, 0, 0, 'FULL_TIME_REGISTERED', NULL, 20, 'Medicine (MD)', 'Medicine (MD)'),
	(40309, 0, 0, 0, 0, 0, 'FULL_TIME_REGISTERED', NULL, 20, 'Medicine (MD)', 'Medicine (MD)');
/*!40000 ALTER TABLE `student_semester` ENABLE KEYS */;

-- Dumping structure for table eduard.student_semester_financialtrx
DROP TABLE IF EXISTS `student_semester_financialtrx`;
CREATE TABLE IF NOT EXISTS `student_semester_financialtrx` (
  `student_semester_id` bigint(20) NOT NULL,
  `transactions_id` bigint(20) NOT NULL,
  `semester_transaction_index` int(11) NOT NULL,
  PRIMARY KEY (`student_semester_id`,`semester_transaction_index`),
  UNIQUE KEY `transactions_id` (`transactions_id`),
  KEY `FKD2F75534D2D9894D` (`student_semester_id`),
  KEY `FKD2F75534DCAE491E` (`transactions_id`)
) ENGINE=InnoDB DEFAULT CHARSET=utf8 COLLATE=utf8_hungarian_ci;

-- Dumping data for table eduard.student_semester_financialtrx: ~12 rows (approximately)
/*!40000 ALTER TABLE `student_semester_financialtrx` DISABLE KEYS */;
INSERT INTO `student_semester_financialtrx` (`student_semester_id`, `transactions_id`, `semester_transaction_index`) VALUES
	(40266, 17452, 0),
	(40266, 17453, 1),
	(40266, 17454, 2),
	(40273, 17455, 0),
	(40266, 17456, 3),
	(40266, 17457, 4),
	(40266, 17458, 5),
	(40273, 17459, 1),
	(40275, 17460, 0),
	(40276, 17461, 0),
	(40277, 17462, 0),
	(40278, 17463, 0),
	(40275, 17464, 1),
	(40281, 17465, 0);
/*!40000 ALTER TABLE `student_semester_financialtrx` ENABLE KEYS */;

-- Dumping structure for table eduard.student_student_semester
DROP TABLE IF EXISTS `student_student_semester`;
CREATE TABLE IF NOT EXISTS `student_student_semester` (
  `student_id` bigint(20) NOT NULL,
  `semesters_id` bigint(20) NOT NULL,
  `student_semester_index` int(11) NOT NULL,
  PRIMARY KEY (`student_id`,`student_semester_index`),
  UNIQUE KEY `semesters_id` (`semesters_id`),
  KEY `FK71865040E38616E` (`semesters_id`),
  KEY `FK718650407A5B6716` (`student_id`),
  CONSTRAINT `FK718650407A5B6716` FOREIGN KEY (`student_id`) REFERENCES `student` (`id`),
  CONSTRAINT `FK71865040E38616E` FOREIGN KEY (`semesters_id`) REFERENCES `student_semester` (`id`)
) ENGINE=InnoDB DEFAULT CHARSET=utf8 COLLATE=utf8_hungarian_ci;

-- Dumping data for table eduard.student_student_semester: ~37 rows (approximately)
/*!40000 ALTER TABLE `student_student_semester` DISABLE KEYS */;
INSERT INTO `student_student_semester` (`student_id`, `semesters_id`, `student_semester_index`) VALUES
	(12347, 40266, 0),
	(12357, 40273, 0),
	(12347, 40274, 1),
	(12349, 40275, 0),
	(12352, 40276, 0),
	(12348, 40277, 0),
	(12361, 40278, 0),
	(12356, 40279, 0),
	(12351, 40281, 0),
	(12351, 40282, 1),
	(12363, 40283, 0),
	(12364, 40284, 0),
	(12365, 40285, 0),
	(12366, 40286, 0),
	(12367, 40287, 0),
	(12368, 40288, 0),
	(12369, 40289, 0),
	(12370, 40290, 0),
	(12371, 40291, 0),
	(12372, 40292, 0),
	(12373, 40293, 0),
	(12374, 40294, 0),
	(12375, 40295, 0),
	(12376, 40296, 0),
	(12377, 40297, 0),
	(12378, 40298, 0),
	(12379, 40299, 0),
	(12380, 40300, 0),
	(12381, 40301, 0),
	(12382, 40302, 0),
	(12383, 40303, 0),
	(12384, 40304, 0),
	(12385, 40305, 0),
	(12386, 40306, 0),
	(12387, 40307, 0),
	(12388, 40308, 0),
	(12389, 40309, 0);
/*!40000 ALTER TABLE `student_student_semester` ENABLE KEYS */;

-- Dumping structure for table eduard.student_tab
DROP TABLE IF EXISTS `student_tab`;
CREATE TABLE IF NOT EXISTS `student_tab` (
  `stud_id` bigint(20) NOT NULL,
  `tab_id` bigint(20) NOT NULL,
  `tab_index` int(11) NOT NULL,
  PRIMARY KEY (`stud_id`,`tab_index`),
  KEY `FK8C59DB91B3672215` (`tab_id`),
  KEY `FK8C59DB9168550415` (`stud_id`),
  CONSTRAINT `FK8C59DB9168550415` FOREIGN KEY (`stud_id`) REFERENCES `student` (`id`),
  CONSTRAINT `FK8C59DB91B3672215` FOREIGN KEY (`tab_id`) REFERENCES `tab_data_group` (`id`)
) ENGINE=InnoDB DEFAULT CHARSET=utf8 COLLATE=utf8_hungarian_ci;

-- Dumping data for table eduard.student_tab: ~368 rows (approximately)
/*!40000 ALTER TABLE `student_tab` DISABLE KEYS */;
INSERT INTO `student_tab` (`stud_id`, `tab_id`, `tab_index`) VALUES
	(12344, 98729, 0),
	(12344, 98730, 1),
	(12344, 98731, 2),
	(12344, 98732, 3),
	(12344, 98733, 4),
	(12344, 98734, 5),
	(12344, 98735, 6),
	(12344, 98736, 7),
	(12345, 98737, 0),
	(12345, 98738, 1),
	(12345, 98739, 2),
	(12345, 98740, 3),
	(12345, 98741, 4),
	(12345, 98742, 5),
	(12345, 98743, 6),
	(12345, 98744, 7),
	(12346, 98745, 0),
	(12346, 98746, 1),
	(12346, 98747, 2),
	(12346, 98748, 3),
	(12346, 98749, 4),
	(12346, 98750, 5),
	(12346, 98751, 6),
	(12346, 98752, 7),
	(12347, 98753, 0),
	(12347, 98754, 1),
	(12347, 98755, 2),
	(12347, 98756, 3),
	(12347, 98757, 4),
	(12347, 98758, 5),
	(12347, 98759, 6),
	(12347, 98760, 7),
	(12348, 98761, 0),
	(12348, 98762, 1),
	(12348, 98763, 2),
	(12348, 98764, 3),
	(12348, 98765, 4),
	(12348, 98766, 5),
	(12348, 98767, 6),
	(12348, 98768, 7),
	(12349, 98769, 0),
	(12349, 98770, 1),
	(12349, 98771, 2),
	(12349, 98772, 3),
	(12349, 98773, 4),
	(12349, 98774, 5),
	(12349, 98775, 6),
	(12349, 98776, 7),
	(12350, 98777, 0),
	(12350, 98778, 1),
	(12350, 98779, 2),
	(12350, 98780, 3),
	(12350, 98781, 4),
	(12350, 98782, 5),
	(12350, 98783, 6),
	(12350, 98784, 7),
	(12351, 98785, 0),
	(12351, 98786, 1),
	(12351, 98787, 2),
	(12351, 98788, 3),
	(12351, 98789, 4),
	(12351, 98790, 5),
	(12351, 98791, 6),
	(12351, 98792, 7),
	(12352, 98793, 0),
	(12352, 98794, 1),
	(12352, 98795, 2),
	(12352, 98796, 3),
	(12352, 98797, 4),
	(12352, 98798, 5),
	(12352, 98799, 6),
	(12352, 98800, 7),
	(12353, 98801, 0),
	(12353, 98802, 1),
	(12353, 98803, 2),
	(12353, 98804, 3),
	(12353, 98805, 4),
	(12353, 98806, 5),
	(12353, 98807, 6),
	(12353, 98808, 7),
	(12354, 98809, 0),
	(12354, 98810, 1),
	(12354, 98811, 2),
	(12354, 98812, 3),
	(12354, 98813, 4),
	(12354, 98814, 5),
	(12354, 98815, 6),
	(12354, 98816, 7),
	(12355, 98817, 0),
	(12355, 98818, 1),
	(12355, 98819, 2),
	(12355, 98820, 3),
	(12355, 98821, 4),
	(12355, 98822, 5),
	(12355, 98823, 6),
	(12355, 98824, 7),
	(12356, 98825, 0),
	(12356, 98826, 1),
	(12356, 98827, 2),
	(12356, 98828, 3),
	(12356, 98829, 4),
	(12356, 98830, 5),
	(12356, 98831, 6),
	(12356, 98832, 7),
	(12357, 98833, 0),
	(12357, 98834, 1),
	(12357, 98835, 2),
	(12357, 98836, 3),
	(12357, 98837, 4),
	(12357, 98838, 5),
	(12357, 98839, 6),
	(12357, 98840, 7),
	(12358, 98841, 0),
	(12358, 98842, 1),
	(12358, 98843, 2),
	(12358, 98844, 3),
	(12358, 98845, 4),
	(12358, 98846, 5),
	(12358, 98847, 6),
	(12358, 98848, 7),
	(12359, 98849, 0),
	(12359, 98850, 1),
	(12359, 98851, 2),
	(12359, 98852, 3),
	(12359, 98853, 4),
	(12359, 98854, 5),
	(12359, 98855, 6),
	(12359, 98856, 7),
	(12360, 98857, 0),
	(12360, 98858, 1),
	(12360, 98859, 2),
	(12360, 98860, 3),
	(12360, 98861, 4),
	(12360, 98862, 5),
	(12360, 98863, 6),
	(12360, 98864, 7),
	(12361, 98865, 0),
	(12361, 98866, 1),
	(12361, 98867, 2),
	(12361, 98868, 3),
	(12361, 98869, 4),
	(12361, 98870, 5),
	(12361, 98871, 6),
	(12361, 98872, 7),
	(12362, 98873, 0),
	(12362, 98874, 1),
	(12362, 98875, 2),
	(12362, 98876, 3),
	(12362, 98877, 4),
	(12362, 98878, 5),
	(12362, 98879, 6),
	(12362, 98880, 7),
	(12363, 98881, 0),
	(12363, 98882, 1),
	(12363, 98883, 2),
	(12363, 98884, 3),
	(12363, 98885, 4),
	(12363, 98886, 5),
	(12363, 98887, 6),
	(12363, 98888, 7),
	(12364, 98889, 0),
	(12364, 98890, 1),
	(12364, 98891, 2),
	(12364, 98892, 3),
	(12364, 98893, 4),
	(12364, 98894, 5),
	(12364, 98895, 6),
	(12364, 98896, 7),
	(12365, 98897, 0),
	(12365, 98898, 1),
	(12365, 98899, 2),
	(12365, 98900, 3),
	(12365, 98901, 4),
	(12365, 98902, 5),
	(12365, 98903, 6),
	(12365, 98904, 7),
	(12366, 98905, 0),
	(12366, 98906, 1),
	(12366, 98907, 2),
	(12366, 98908, 3),
	(12366, 98909, 4),
	(12366, 98910, 5),
	(12366, 98911, 6),
	(12366, 98912, 7),
	(12367, 98913, 0),
	(12367, 98914, 1),
	(12367, 98915, 2),
	(12367, 98916, 3),
	(12367, 98917, 4),
	(12367, 98918, 5),
	(12367, 98919, 6),
	(12367, 98920, 7),
	(12368, 98921, 0),
	(12368, 98922, 1),
	(12368, 98923, 2),
	(12368, 98924, 3),
	(12368, 98925, 4),
	(12368, 98926, 5),
	(12368, 98927, 6),
	(12368, 98928, 7),
	(12369, 98929, 0),
	(12369, 98930, 1),
	(12369, 98931, 2),
	(12369, 98932, 3),
	(12369, 98933, 4),
	(12369, 98934, 5),
	(12369, 98935, 6),
	(12369, 98936, 7),
	(12370, 98937, 0),
	(12370, 98938, 1),
	(12370, 98939, 2),
	(12370, 98940, 3),
	(12370, 98941, 4),
	(12370, 98942, 5),
	(12370, 98943, 6),
	(12370, 98944, 7),
	(12371, 98945, 0),
	(12371, 98946, 1),
	(12371, 98947, 2),
	(12371, 98948, 3),
	(12371, 98949, 4),
	(12371, 98950, 5),
	(12371, 98951, 6),
	(12371, 98952, 7),
	(12372, 98953, 0),
	(12372, 98954, 1),
	(12372, 98955, 2),
	(12372, 98956, 3),
	(12372, 98957, 4),
	(12372, 98958, 5),
	(12372, 98959, 6),
	(12372, 98960, 7),
	(12373, 98961, 0),
	(12373, 98962, 1),
	(12373, 98963, 2),
	(12373, 98964, 3),
	(12373, 98965, 4),
	(12373, 98966, 5),
	(12373, 98967, 6),
	(12373, 98968, 7),
	(12374, 98969, 0),
	(12374, 98970, 1),
	(12374, 98971, 2),
	(12374, 98972, 3),
	(12374, 98973, 4),
	(12374, 98974, 5),
	(12374, 98975, 6),
	(12374, 98976, 7),
	(12375, 98977, 0),
	(12375, 98978, 1),
	(12375, 98979, 2),
	(12375, 98980, 3),
	(12375, 98981, 4),
	(12375, 98982, 5),
	(12375, 98983, 6),
	(12375, 98984, 7),
	(12376, 98985, 0),
	(12376, 98986, 1),
	(12376, 98987, 2),
	(12376, 98988, 3),
	(12376, 98989, 4),
	(12376, 98990, 5),
	(12376, 98991, 6),
	(12376, 98992, 7),
	(12377, 98993, 0),
	(12377, 98994, 1),
	(12377, 98995, 2),
	(12377, 98996, 3),
	(12377, 98997, 4),
	(12377, 98998, 5),
	(12377, 98999, 6),
	(12377, 99000, 7),
	(12378, 99001, 0),
	(12378, 99002, 1),
	(12378, 99003, 2),
	(12378, 99004, 3),
	(12378, 99005, 4),
	(12378, 99006, 5),
	(12378, 99007, 6),
	(12378, 99008, 7),
	(12379, 99009, 0),
	(12379, 99010, 1),
	(12379, 99011, 2),
	(12379, 99012, 3),
	(12379, 99013, 4),
	(12379, 99014, 5),
	(12379, 99015, 6),
	(12379, 99016, 7),
	(12380, 99017, 0),
	(12380, 99018, 1),
	(12380, 99019, 2),
	(12380, 99020, 3),
	(12380, 99021, 4),
	(12380, 99022, 5),
	(12380, 99023, 6),
	(12380, 99024, 7),
	(12381, 99025, 0),
	(12381, 99026, 1),
	(12381, 99027, 2),
	(12381, 99028, 3),
	(12381, 99029, 4),
	(12381, 99030, 5),
	(12381, 99031, 6),
	(12381, 99032, 7),
	(12382, 99033, 0),
	(12382, 99034, 1),
	(12382, 99035, 2),
	(12382, 99036, 3),
	(12382, 99037, 4),
	(12382, 99038, 5),
	(12382, 99039, 6),
	(12382, 99040, 7),
	(12383, 99041, 0),
	(12383, 99042, 1),
	(12383, 99043, 2),
	(12383, 99044, 3),
	(12383, 99045, 4),
	(12383, 99046, 5),
	(12383, 99047, 6),
	(12383, 99048, 7),
	(12384, 99049, 0),
	(12384, 99050, 1),
	(12384, 99051, 2),
	(12384, 99052, 3),
	(12384, 99053, 4),
	(12384, 99054, 5),
	(12384, 99055, 6),
	(12384, 99056, 7),
	(12385, 99057, 0),
	(12385, 99058, 1),
	(12385, 99059, 2),
	(12385, 99060, 3),
	(12385, 99061, 4),
	(12385, 99062, 5),
	(12385, 99063, 6),
	(12385, 99064, 7),
	(12386, 99065, 0),
	(12386, 99066, 1),
	(12386, 99067, 2),
	(12386, 99068, 3),
	(12386, 99069, 4),
	(12386, 99070, 5),
	(12386, 99071, 6),
	(12386, 99072, 7),
	(12387, 99073, 0),
	(12387, 99074, 1),
	(12387, 99075, 2),
	(12387, 99076, 3),
	(12387, 99077, 4),
	(12387, 99078, 5),
	(12387, 99079, 6),
	(12387, 99080, 7),
	(12388, 99081, 0),
	(12388, 99082, 1),
	(12388, 99083, 2),
	(12388, 99084, 3),
	(12388, 99085, 4),
	(12388, 99086, 5),
	(12388, 99087, 6),
	(12388, 99088, 7),
	(12389, 99089, 0),
	(12389, 99090, 1),
	(12389, 99091, 2),
	(12389, 99092, 3),
	(12389, 99093, 4),
	(12389, 99094, 5),
	(12389, 99095, 6),
	(12389, 99096, 7);
/*!40000 ALTER TABLE `student_tab` ENABLE KEYS */;

-- Dumping structure for table eduard.tab_data_group
DROP TABLE IF EXISTS `tab_data_group`;
CREATE TABLE IF NOT EXISTS `tab_data_group` (
  `id` bigint(20) NOT NULL AUTO_INCREMENT,
  `lastModified` datetime DEFAULT NULL,
  `tabName` varchar(255) COLLATE utf8_hungarian_ci DEFAULT NULL,
  `lastModifiedBy_id` bigint(20) DEFAULT NULL,
  PRIMARY KEY (`id`),
  KEY `FK4AE4D894129E5CFF` (`lastModifiedBy_id`),
  CONSTRAINT `FK4AE4D894129E5CFF` FOREIGN KEY (`lastModifiedBy_id`) REFERENCES `eduard_user` (`id`)
) ENGINE=InnoDB AUTO_INCREMENT=99097 DEFAULT CHARSET=utf8 COLLATE=utf8_hungarian_ci;

-- Dumping data for table eduard.tab_data_group: ~368 rows (approximately)
/*!40000 ALTER TABLE `tab_data_group` DISABLE KEYS */;
INSERT INTO `tab_data_group` (`id`, `lastModified`, `tabName`, `lastModifiedBy_id`) VALUES
	(98729, '2021-02-12 10:34:13', 'PERSONAL_DATA', 185),
	(98730, '2021-02-12 10:34:13', 'CONTACT_INFO', NULL),
	(98731, '2021-02-12 10:34:13', 'SCHOOL_INFO', NULL),
	(98732, '2021-02-12 10:34:13', 'STATUS', NULL),
	(98733, '2021-02-12 10:34:13', 'FINANCIAL_STATUS', NULL),
	(98734, '2021-02-12 10:34:13', 'FINANCIAL_DETAILS', NULL),
	(98735, '2021-02-12 10:34:13', 'DOCUMENTS', NULL),
	(98736, '2021-02-12 10:34:13', 'AGENT_PAGE', NULL),
	(98737, '2021-02-12 10:45:15', 'PERSONAL_DATA', 189),
	(98738, '2021-02-12 10:45:15', 'CONTACT_INFO', NULL),
	(98739, '2021-02-12 10:45:15', 'SCHOOL_INFO', NULL),
	(98740, '2021-02-12 10:45:15', 'STATUS', NULL),
	(98741, '2021-02-12 10:45:15', 'FINANCIAL_STATUS', NULL),
	(98742, '2021-02-12 10:45:15', 'FINANCIAL_DETAILS', NULL),
	(98743, '2021-02-12 10:51:39', 'DOCUMENTS', 189),
	(98744, '2021-02-12 10:45:15', 'AGENT_PAGE', NULL),
	(98745, '2021-02-14 14:41:50', 'PERSONAL_DATA', 185),
	(98746, '2021-02-14 14:43:31', 'CONTACT_INFO', 185),
	(98747, '2021-02-14 14:40:42', 'SCHOOL_INFO', NULL),
	(98748, '2021-02-14 14:40:42', 'STATUS', NULL),
	(98749, '2021-02-14 14:40:42', 'FINANCIAL_STATUS', NULL),
	(98750, '2021-02-14 14:40:42', 'FINANCIAL_DETAILS', NULL),
	(98751, '2021-02-14 14:40:42', 'DOCUMENTS', NULL),
	(98752, '2021-02-14 14:40:42', 'AGENT_PAGE', NULL),
	(98753, '2022-02-13 21:03:32', 'PERSONAL_DATA', 183),
	(98754, '2021-02-15 16:28:02', 'CONTACT_INFO', 185),
	(98755, '2022-02-18 21:17:44', 'SCHOOL_INFO', 185),
	(98756, '2022-02-18 21:27:06', 'STATUS', 185),
	(98757, '2021-02-15 23:42:56', 'FINANCIAL_STATUS', 185),
	(98758, '2021-02-14 14:58:55', 'FINANCIAL_DETAILS', NULL),
	(98759, '2022-02-18 22:02:09', 'DOCUMENTS', 185),
	(98760, '2021-02-14 14:58:55', 'AGENT_PAGE', NULL),
	(98761, '2022-02-20 14:01:25', 'PERSONAL_DATA', 188),
	(98762, '2021-02-28 09:30:16', 'CONTACT_INFO', NULL),
	(98763, '2022-02-20 14:05:23', 'SCHOOL_INFO', 188),
	(98764, '2021-02-28 09:30:16', 'STATUS', NULL),
	(98765, '2021-02-28 09:30:16', 'FINANCIAL_STATUS', NULL),
	(98766, '2021-02-28 09:30:16', 'FINANCIAL_DETAILS', NULL),
	(98767, '2021-02-28 09:30:16', 'DOCUMENTS', NULL),
	(98768, '2021-02-28 09:30:16', 'AGENT_PAGE', NULL),
	(98769, '2022-02-20 13:59:40', 'PERSONAL_DATA', 188),
	(98770, '2021-02-28 09:49:29', 'CONTACT_INFO', NULL),
	(98771, '2022-02-20 20:55:39', 'SCHOOL_INFO', 188),
	(98772, '2021-02-28 09:49:29', 'STATUS', NULL),
	(98773, '2021-02-28 09:49:29', 'FINANCIAL_STATUS', NULL),
	(98774, '2021-02-28 09:49:29', 'FINANCIAL_DETAILS', NULL),
	(98775, '2022-02-18 21:58:58', 'DOCUMENTS', 188),
	(98776, '2021-02-28 09:49:29', 'AGENT_PAGE', NULL),
	(98777, '2021-02-28 10:06:40', 'PERSONAL_DATA', 185),
	(98778, '2021-02-28 10:06:40', 'CONTACT_INFO', NULL),
	(98779, '2021-02-28 10:06:40', 'SCHOOL_INFO', NULL),
	(98780, '2021-02-28 10:06:40', 'STATUS', NULL),
	(98781, '2021-02-28 10:06:40', 'FINANCIAL_STATUS', NULL),
	(98782, '2021-02-28 10:06:40', 'FINANCIAL_DETAILS', NULL),
	(98783, '2021-02-28 10:06:40', 'DOCUMENTS', NULL),
	(98784, '2021-02-28 10:06:40', 'AGENT_PAGE', NULL),
	(98785, '2021-02-28 23:25:27', 'PERSONAL_DATA', 185),
	(98786, '2021-02-28 16:15:56', 'CONTACT_INFO', NULL),
	(98787, '2022-02-20 22:07:18', 'SCHOOL_INFO', 185),
	(98788, '2022-02-20 22:07:33', 'STATUS', 185),
	(98789, '2021-02-28 16:15:57', 'FINANCIAL_STATUS', NULL),
	(98790, '2021-02-28 16:15:57', 'FINANCIAL_DETAILS', NULL),
	(98791, '2021-02-28 16:15:57', 'DOCUMENTS', NULL),
	(98792, '2021-02-28 16:15:57', 'AGENT_PAGE', 182),
	(98793, '2022-02-20 14:00:13', 'PERSONAL_DATA', 188),
	(98794, '2022-02-09 23:10:33', 'CONTACT_INFO', NULL),
	(98795, '2022-02-20 14:04:41', 'SCHOOL_INFO', 188),
	(98796, '2022-02-09 23:10:33', 'STATUS', NULL),
	(98797, '2022-02-09 23:10:33', 'FINANCIAL_STATUS', NULL),
	(98798, '2022-02-09 23:10:33', 'FINANCIAL_DETAILS', NULL),
	(98799, '2022-02-09 23:10:33', 'DOCUMENTS', NULL),
	(98800, '2022-02-09 23:10:33', 'AGENT_PAGE', NULL),
	(98801, '2022-02-20 14:02:01', 'PERSONAL_DATA', 188),
	(98802, '2022-02-10 13:20:12', 'CONTACT_INFO', NULL),
	(98803, '2022-02-10 13:20:12', 'SCHOOL_INFO', NULL),
	(98804, '2022-02-10 13:20:12', 'STATUS', NULL),
	(98805, '2022-02-10 13:20:12', 'FINANCIAL_STATUS', NULL),
	(98806, '2022-02-10 13:20:12', 'FINANCIAL_DETAILS', NULL),
	(98807, '2022-02-10 13:20:12', 'DOCUMENTS', NULL),
	(98808, '2022-02-10 13:20:12', 'AGENT_PAGE', NULL),
	(98809, '2022-02-13 20:34:04', 'PERSONAL_DATA', NULL),
	(98810, '2022-02-13 20:34:04', 'CONTACT_INFO', NULL),
	(98811, '2022-02-13 20:34:04', 'SCHOOL_INFO', NULL),
	(98812, '2022-02-13 20:34:04', 'STATUS', NULL),
	(98813, '2022-02-13 20:34:04', 'FINANCIAL_STATUS', NULL),
	(98814, '2022-02-13 20:34:04', 'FINANCIAL_DETAILS', NULL),
	(98815, '2022-02-13 20:34:04', 'DOCUMENTS', NULL),
	(98816, '2022-02-13 20:34:04', 'AGENT_PAGE', 182),
	(98817, '2022-02-14 01:15:30', 'PERSONAL_DATA', 185),
	(98818, '2022-02-14 01:15:30', 'CONTACT_INFO', NULL),
	(98819, '2022-02-14 01:15:30', 'SCHOOL_INFO', NULL),
	(98820, '2022-02-14 01:15:30', 'STATUS', NULL),
	(98821, '2022-02-14 01:15:30', 'FINANCIAL_STATUS', NULL),
	(98822, '2022-02-14 01:15:30', 'FINANCIAL_DETAILS', NULL),
	(98823, '2022-02-14 01:15:30', 'DOCUMENTS', NULL),
	(98824, '2022-02-14 01:15:30', 'AGENT_PAGE', NULL),
	(98825, '2022-02-20 21:01:04', 'PERSONAL_DATA', 185),
	(98826, '2022-02-16 11:44:04', 'CONTACT_INFO', NULL),
	(98827, '2022-02-16 11:44:04', 'SCHOOL_INFO', NULL),
	(98828, '2022-02-20 21:55:25', 'STATUS', 185),
	(98829, '2022-02-16 11:44:04', 'FINANCIAL_STATUS', NULL),
	(98830, '2022-02-16 11:44:04', 'FINANCIAL_DETAILS', NULL),
	(98831, '2022-02-16 11:44:04', 'DOCUMENTS', NULL),
	(98832, '2022-02-16 11:44:04', 'AGENT_PAGE', NULL),
	(98833, '2022-02-20 14:01:00', 'PERSONAL_DATA', 188),
	(98834, '2022-02-18 19:51:03', 'CONTACT_INFO', NULL),
	(98835, '2022-02-18 23:04:06', 'SCHOOL_INFO', 188),
	(98836, '2022-02-18 19:51:03', 'STATUS', NULL),
	(98837, '2022-02-18 19:51:03', 'FINANCIAL_STATUS', NULL),
	(98838, '2022-02-18 19:51:03', 'FINANCIAL_DETAILS', NULL),
	(98839, '2022-02-18 19:51:03', 'DOCUMENTS', NULL),
	(98840, '2022-02-18 19:51:03', 'AGENT_PAGE', NULL),
	(98841, '2022-02-18 22:21:29', 'PERSONAL_DATA', 190),
	(98842, '2022-02-18 22:21:29', 'CONTACT_INFO', NULL),
	(98843, '2022-02-18 22:21:29', 'SCHOOL_INFO', NULL),
	(98844, '2022-02-18 22:21:29', 'STATUS', NULL),
	(98845, '2022-02-18 22:21:29', 'FINANCIAL_STATUS', NULL),
	(98846, '2022-02-18 22:21:29', 'FINANCIAL_DETAILS', NULL),
	(98847, '2022-02-18 22:21:29', 'DOCUMENTS', NULL),
	(98848, '2022-02-18 22:21:29', 'AGENT_PAGE', NULL),
	(98849, '2022-02-18 22:28:53', 'PERSONAL_DATA', 185),
	(98850, '2022-02-18 22:28:53', 'CONTACT_INFO', NULL),
	(98851, '2022-02-18 22:28:53', 'SCHOOL_INFO', NULL),
	(98852, '2022-02-18 22:28:53', 'STATUS', NULL),
	(98853, '2022-02-18 22:28:53', 'FINANCIAL_STATUS', NULL),
	(98854, '2022-02-18 22:28:53', 'FINANCIAL_DETAILS', NULL),
	(98855, '2022-02-18 22:28:53', 'DOCUMENTS', NULL),
	(98856, '2022-02-18 22:28:53', 'AGENT_PAGE', NULL),
	(98857, '2022-02-20 16:35:45', 'PERSONAL_DATA', 188),
	(98858, '2022-02-20 16:35:45', 'CONTACT_INFO', NULL),
	(98859, '2022-02-20 16:35:45', 'SCHOOL_INFO', NULL),
	(98860, '2022-02-20 16:35:45', 'STATUS', NULL),
	(98861, '2022-02-20 16:35:45', 'FINANCIAL_STATUS', NULL),
	(98862, '2022-02-20 16:35:45', 'FINANCIAL_DETAILS', NULL),
	(98863, '2022-02-20 16:35:45', 'DOCUMENTS', NULL),
	(98864, '2022-02-20 16:35:45', 'AGENT_PAGE', NULL),
	(98865, '2022-02-20 16:43:18', 'PERSONAL_DATA', 185),
	(98866, '2022-02-20 16:43:18', 'CONTACT_INFO', NULL),
	(98867, '2022-02-20 17:15:34', 'SCHOOL_INFO', 185),
	(98868, '2022-02-20 16:43:18', 'STATUS', NULL),
	(98869, '2022-02-20 16:43:18', 'FINANCIAL_STATUS', NULL),
	(98870, '2022-02-20 16:43:18', 'FINANCIAL_DETAILS', NULL),
	(98871, '2022-02-20 16:43:18', 'DOCUMENTS', NULL),
	(98872, '2022-02-20 16:43:18', 'AGENT_PAGE', NULL),
	(98873, '2022-02-20 18:21:30', 'PERSONAL_DATA', 185),
	(98874, '2022-02-20 18:21:30', 'CONTACT_INFO', NULL),
	(98875, '2022-02-20 18:21:30', 'SCHOOL_INFO', NULL),
	(98876, '2022-02-20 18:21:30', 'STATUS', NULL),
	(98877, '2022-02-20 18:21:30', 'FINANCIAL_STATUS', NULL),
	(98878, '2022-02-20 18:21:30', 'FINANCIAL_DETAILS', NULL),
	(98879, '2022-02-20 18:21:30', 'DOCUMENTS', NULL),
	(98880, '2022-02-20 18:21:30', 'AGENT_PAGE', NULL),
	(98881, '2022-05-22 19:51:07', 'PERSONAL_DATA', 185),
	(98882, '2022-05-22 19:51:07', 'CONTACT_INFO', 185),
	(98883, '2022-05-22 19:51:07', 'SCHOOL_INFO', 185),
	(98884, '2022-05-22 19:51:07', 'STATUS', 185),
	(98885, '2022-05-22 19:51:07', 'FINANCIAL_STATUS', NULL),
	(98886, '2022-05-22 19:51:07', 'FINANCIAL_DETAILS', NULL),
	(98887, '2022-05-22 19:51:07', 'DOCUMENTS', NULL),
	(98888, '2022-05-22 19:51:07', 'AGENT_PAGE', NULL),
	(98889, '2022-05-22 19:51:07', 'PERSONAL_DATA', 185),
	(98890, '2022-05-22 19:51:07', 'CONTACT_INFO', 185),
	(98891, '2022-05-22 19:51:07', 'SCHOOL_INFO', 185),
	(98892, '2022-05-22 19:51:07', 'STATUS', 185),
	(98893, '2022-05-22 19:51:07', 'FINANCIAL_STATUS', NULL),
	(98894, '2022-05-22 19:51:07', 'FINANCIAL_DETAILS', NULL),
	(98895, '2022-05-22 19:51:07', 'DOCUMENTS', NULL),
	(98896, '2022-05-22 19:51:07', 'AGENT_PAGE', NULL),
	(98897, '2022-05-22 19:51:08', 'PERSONAL_DATA', 185),
	(98898, '2022-05-22 19:51:08', 'CONTACT_INFO', 185),
	(98899, '2022-05-22 19:51:08', 'SCHOOL_INFO', 185),
	(98900, '2022-05-22 19:51:08', 'STATUS', 185),
	(98901, '2022-05-22 19:51:08', 'FINANCIAL_STATUS', NULL),
	(98902, '2022-05-22 19:51:08', 'FINANCIAL_DETAILS', NULL),
	(98903, '2022-05-22 19:51:08', 'DOCUMENTS', NULL),
	(98904, '2022-05-22 19:51:08', 'AGENT_PAGE', NULL),
	(98905, '2022-05-22 19:51:08', 'PERSONAL_DATA', 185),
	(98906, '2022-05-22 19:51:08', 'CONTACT_INFO', 185),
	(98907, '2022-05-22 19:51:08', 'SCHOOL_INFO', 185),
	(98908, '2022-05-22 19:51:08', 'STATUS', 185),
	(98909, '2022-05-22 19:51:08', 'FINANCIAL_STATUS', NULL),
	(98910, '2022-05-22 19:51:08', 'FINANCIAL_DETAILS', NULL),
	(98911, '2022-05-22 19:51:08', 'DOCUMENTS', NULL),
	(98912, '2022-05-22 19:51:08', 'AGENT_PAGE', NULL),
	(98913, '2022-05-22 19:51:08', 'PERSONAL_DATA', 185),
	(98914, '2022-05-22 19:51:08', 'CONTACT_INFO', 185),
	(98915, '2022-05-22 19:51:08', 'SCHOOL_INFO', 185),
	(98916, '2022-05-22 19:51:08', 'STATUS', 185),
	(98917, '2022-05-22 19:51:08', 'FINANCIAL_STATUS', NULL),
	(98918, '2022-05-22 19:51:08', 'FINANCIAL_DETAILS', NULL),
	(98919, '2022-05-22 19:51:08', 'DOCUMENTS', NULL),
	(98920, '2022-05-22 19:51:08', 'AGENT_PAGE', NULL),
	(98921, '2022-05-22 19:51:08', 'PERSONAL_DATA', 185),
	(98922, '2022-05-22 19:51:08', 'CONTACT_INFO', 185),
	(98923, '2022-05-22 19:51:08', 'SCHOOL_INFO', 185),
	(98924, '2022-05-22 19:51:08', 'STATUS', 185),
	(98925, '2022-05-22 19:51:08', 'FINANCIAL_STATUS', NULL),
	(98926, '2022-05-22 19:51:08', 'FINANCIAL_DETAILS', NULL),
	(98927, '2022-05-22 19:51:08', 'DOCUMENTS', NULL),
	(98928, '2022-05-22 19:51:08', 'AGENT_PAGE', NULL),
	(98929, '2022-05-22 19:53:49', 'PERSONAL_DATA', 185),
	(98930, '2022-05-22 19:53:49', 'CONTACT_INFO', 185),
	(98931, '2022-05-22 19:53:49', 'SCHOOL_INFO', 185),
	(98932, '2022-05-22 19:53:49', 'STATUS', 185),
	(98933, '2022-05-22 19:53:49', 'FINANCIAL_STATUS', NULL),
	(98934, '2022-05-22 19:53:49', 'FINANCIAL_DETAILS', NULL),
	(98935, '2022-05-22 19:53:49', 'DOCUMENTS', NULL),
	(98936, '2022-05-22 19:53:49', 'AGENT_PAGE', NULL),
	(98937, '2022-05-22 19:53:49', 'PERSONAL_DATA', 185),
	(98938, '2022-05-22 19:53:49', 'CONTACT_INFO', 185),
	(98939, '2022-05-22 19:53:49', 'SCHOOL_INFO', 185),
	(98940, '2022-05-22 19:53:49', 'STATUS', 185),
	(98941, '2022-05-22 19:53:49', 'FINANCIAL_STATUS', NULL),
	(98942, '2022-05-22 19:53:49', 'FINANCIAL_DETAILS', NULL),
	(98943, '2022-05-22 19:53:49', 'DOCUMENTS', NULL),
	(98944, '2022-05-22 19:53:49', 'AGENT_PAGE', NULL),
	(98945, '2022-05-22 19:53:50', 'PERSONAL_DATA', 185),
	(98946, '2022-05-22 19:53:50', 'CONTACT_INFO', 185),
	(98947, '2022-05-22 19:53:50', 'SCHOOL_INFO', 185),
	(98948, '2022-05-22 19:53:50', 'STATUS', 185),
	(98949, '2022-05-22 19:53:50', 'FINANCIAL_STATUS', NULL),
	(98950, '2022-05-22 19:53:50', 'FINANCIAL_DETAILS', NULL),
	(98951, '2022-05-22 19:53:50', 'DOCUMENTS', NULL),
	(98952, '2022-05-22 19:53:50', 'AGENT_PAGE', NULL),
	(98953, '2022-05-22 19:53:50', 'PERSONAL_DATA', 185),
	(98954, '2022-05-22 19:53:50', 'CONTACT_INFO', 185),
	(98955, '2022-05-22 19:53:50', 'SCHOOL_INFO', 185),
	(98956, '2022-05-22 19:53:50', 'STATUS', 185),
	(98957, '2022-05-22 19:53:50', 'FINANCIAL_STATUS', NULL),
	(98958, '2022-05-22 19:53:50', 'FINANCIAL_DETAILS', NULL),
	(98959, '2022-05-22 19:53:50', 'DOCUMENTS', NULL),
	(98960, '2022-05-22 19:53:50', 'AGENT_PAGE', NULL),
	(98961, '2022-05-22 19:53:50', 'PERSONAL_DATA', 185),
	(98962, '2022-05-22 19:53:50', 'CONTACT_INFO', 185),
	(98963, '2022-05-22 19:53:50', 'SCHOOL_INFO', 185),
	(98964, '2022-05-22 19:53:50', 'STATUS', 185),
	(98965, '2022-05-22 19:53:50', 'FINANCIAL_STATUS', NULL),
	(98966, '2022-05-22 19:53:50', 'FINANCIAL_DETAILS', NULL),
	(98967, '2022-05-22 19:53:50', 'DOCUMENTS', NULL),
	(98968, '2022-05-22 19:53:50', 'AGENT_PAGE', NULL),
	(98969, '2022-05-22 19:53:50', 'PERSONAL_DATA', 185),
	(98970, '2022-05-22 19:53:50', 'CONTACT_INFO', 185),
	(98971, '2022-05-22 19:53:50', 'SCHOOL_INFO', 185),
	(98972, '2022-05-22 19:53:50', 'STATUS', 185),
	(98973, '2022-05-22 19:53:50', 'FINANCIAL_STATUS', NULL),
	(98974, '2022-05-22 19:53:50', 'FINANCIAL_DETAILS', NULL),
	(98975, '2022-05-22 19:53:50', 'DOCUMENTS', NULL),
	(98976, '2022-05-22 19:53:50', 'AGENT_PAGE', NULL),
	(98977, '2022-05-22 19:53:50', 'PERSONAL_DATA', 185),
	(98978, '2022-05-22 19:53:50', 'CONTACT_INFO', 185),
	(98979, '2022-05-22 19:53:50', 'SCHOOL_INFO', 185),
	(98980, '2022-05-22 19:53:50', 'STATUS', 185),
	(98981, '2022-05-22 19:53:50', 'FINANCIAL_STATUS', NULL),
	(98982, '2022-05-22 19:53:50', 'FINANCIAL_DETAILS', NULL),
	(98983, '2022-05-22 19:53:50', 'DOCUMENTS', NULL),
	(98984, '2022-05-22 19:53:50', 'AGENT_PAGE', NULL),
	(98985, '2022-05-22 19:53:50', 'PERSONAL_DATA', 185),
	(98986, '2022-05-22 19:53:50', 'CONTACT_INFO', 185),
	(98987, '2022-05-22 19:53:50', 'SCHOOL_INFO', 185),
	(98988, '2022-05-22 19:53:50', 'STATUS', 185),
	(98989, '2022-05-22 19:53:50', 'FINANCIAL_STATUS', NULL),
	(98990, '2022-05-22 19:53:50', 'FINANCIAL_DETAILS', NULL),
	(98991, '2022-05-22 19:53:50', 'DOCUMENTS', NULL),
	(98992, '2022-05-22 19:53:50', 'AGENT_PAGE', NULL),
	(98993, '2022-05-22 19:53:50', 'PERSONAL_DATA', 185),
	(98994, '2022-05-22 19:53:50', 'CONTACT_INFO', 185),
	(98995, '2022-05-22 19:53:50', 'SCHOOL_INFO', 185),
	(98996, '2022-05-22 19:53:50', 'STATUS', 185),
	(98997, '2022-05-22 19:53:50', 'FINANCIAL_STATUS', NULL),
	(98998, '2022-05-22 19:53:50', 'FINANCIAL_DETAILS', NULL),
	(98999, '2022-05-22 19:53:50', 'DOCUMENTS', NULL),
	(99000, '2022-05-22 19:53:50', 'AGENT_PAGE', NULL),
	(99001, '2022-05-22 19:53:50', 'PERSONAL_DATA', 185),
	(99002, '2022-05-22 19:53:50', 'CONTACT_INFO', 185),
	(99003, '2022-05-22 19:53:50', 'SCHOOL_INFO', 185),
	(99004, '2022-05-22 19:53:50', 'STATUS', 185),
	(99005, '2022-05-22 19:53:50', 'FINANCIAL_STATUS', NULL),
	(99006, '2022-05-22 19:53:50', 'FINANCIAL_DETAILS', NULL),
	(99007, '2022-05-22 19:53:50', 'DOCUMENTS', NULL),
	(99008, '2022-05-22 19:53:50', 'AGENT_PAGE', NULL),
	(99009, '2022-05-22 19:55:33', 'PERSONAL_DATA', 185),
	(99010, '2022-05-22 19:55:33', 'CONTACT_INFO', 185),
	(99011, '2022-05-22 19:55:33', 'SCHOOL_INFO', 185),
	(99012, '2022-05-22 19:55:33', 'STATUS', 185),
	(99013, '2022-05-22 19:55:33', 'FINANCIAL_STATUS', NULL),
	(99014, '2022-05-22 19:55:33', 'FINANCIAL_DETAILS', NULL),
	(99015, '2022-05-22 19:55:33', 'DOCUMENTS', NULL),
	(99016, '2022-05-22 19:55:33', 'AGENT_PAGE', NULL),
	(99017, '2022-05-22 19:57:03', 'PERSONAL_DATA', 185),
	(99018, '2022-05-22 19:57:03', 'CONTACT_INFO', 185),
	(99019, '2022-05-22 19:57:03', 'SCHOOL_INFO', 185),
	(99020, '2022-05-22 19:57:03', 'STATUS', 185),
	(99021, '2022-05-22 19:57:03', 'FINANCIAL_STATUS', NULL),
	(99022, '2022-05-22 19:57:03', 'FINANCIAL_DETAILS', NULL),
	(99023, '2022-05-22 19:57:03', 'DOCUMENTS', NULL),
	(99024, '2022-05-22 19:57:03', 'AGENT_PAGE', NULL),
	(99025, '2022-05-22 19:57:03', 'PERSONAL_DATA', 185),
	(99026, '2022-05-22 19:57:03', 'CONTACT_INFO', 185),
	(99027, '2022-05-22 19:57:03', 'SCHOOL_INFO', 185),
	(99028, '2022-05-22 19:57:03', 'STATUS', 185),
	(99029, '2022-05-22 19:57:03', 'FINANCIAL_STATUS', NULL),
	(99030, '2022-05-22 19:57:03', 'FINANCIAL_DETAILS', NULL),
	(99031, '2022-05-22 19:57:03', 'DOCUMENTS', NULL),
	(99032, '2022-05-22 19:57:03', 'AGENT_PAGE', NULL),
	(99033, '2022-05-22 19:57:03', 'PERSONAL_DATA', 185),
	(99034, '2022-05-22 19:57:03', 'CONTACT_INFO', 185),
	(99035, '2022-05-22 19:57:03', 'SCHOOL_INFO', 185),
	(99036, '2022-05-22 19:57:03', 'STATUS', 185),
	(99037, '2022-05-22 19:57:03', 'FINANCIAL_STATUS', NULL),
	(99038, '2022-05-22 19:57:03', 'FINANCIAL_DETAILS', NULL),
	(99039, '2022-05-22 19:57:03', 'DOCUMENTS', NULL),
	(99040, '2022-05-22 19:57:03', 'AGENT_PAGE', NULL),
	(99041, '2022-05-22 19:57:04', 'PERSONAL_DATA', 185),
	(99042, '2022-05-22 19:57:04', 'CONTACT_INFO', 185),
	(99043, '2022-05-22 19:57:04', 'SCHOOL_INFO', 185),
	(99044, '2022-05-22 19:57:04', 'STATUS', 185),
	(99045, '2022-05-22 19:57:04', 'FINANCIAL_STATUS', NULL),
	(99046, '2022-05-22 19:57:04', 'FINANCIAL_DETAILS', NULL),
	(99047, '2022-05-22 19:57:04', 'DOCUMENTS', NULL),
	(99048, '2022-05-22 19:57:04', 'AGENT_PAGE', NULL),
	(99049, '2022-05-22 19:57:04', 'PERSONAL_DATA', 185),
	(99050, '2022-05-22 19:57:04', 'CONTACT_INFO', 185),
	(99051, '2022-05-22 19:57:04', 'SCHOOL_INFO', 185),
	(99052, '2022-05-22 19:57:04', 'STATUS', 185),
	(99053, '2022-05-22 19:57:04', 'FINANCIAL_STATUS', NULL),
	(99054, '2022-05-22 19:57:04', 'FINANCIAL_DETAILS', NULL),
	(99055, '2022-05-22 19:57:04', 'DOCUMENTS', NULL),
	(99056, '2022-05-22 19:57:04', 'AGENT_PAGE', NULL),
	(99057, '2022-05-22 19:58:03', 'PERSONAL_DATA', 185),
	(99058, '2022-05-22 19:58:03', 'CONTACT_INFO', 185),
	(99059, '2022-05-22 19:58:03', 'SCHOOL_INFO', 185),
	(99060, '2022-05-22 19:58:03', 'STATUS', 185),
	(99061, '2022-05-22 19:58:03', 'FINANCIAL_STATUS', NULL),
	(99062, '2022-05-22 19:58:03', 'FINANCIAL_DETAILS', NULL),
	(99063, '2022-05-22 19:58:03', 'DOCUMENTS', NULL),
	(99064, '2022-05-22 19:58:03', 'AGENT_PAGE', NULL),
	(99065, '2022-05-22 19:58:03', 'PERSONAL_DATA', 185),
	(99066, '2022-05-22 19:58:03', 'CONTACT_INFO', 185),
	(99067, '2022-05-22 19:58:03', 'SCHOOL_INFO', 185),
	(99068, '2022-05-22 19:58:03', 'STATUS', 185),
	(99069, '2022-05-22 19:58:03', 'FINANCIAL_STATUS', NULL),
	(99070, '2022-05-22 19:58:03', 'FINANCIAL_DETAILS', NULL),
	(99071, '2022-05-22 19:58:03', 'DOCUMENTS', NULL),
	(99072, '2022-05-22 19:58:03', 'AGENT_PAGE', NULL),
	(99073, '2022-05-22 19:58:03', 'PERSONAL_DATA', 185),
	(99074, '2022-05-22 19:58:03', 'CONTACT_INFO', 185),
	(99075, '2022-05-22 19:58:03', 'SCHOOL_INFO', 185),
	(99076, '2022-05-22 19:58:03', 'STATUS', 185),
	(99077, '2022-05-22 19:58:03', 'FINANCIAL_STATUS', NULL),
	(99078, '2022-05-22 19:58:03', 'FINANCIAL_DETAILS', NULL),
	(99079, '2022-05-22 19:58:03', 'DOCUMENTS', NULL),
	(99080, '2022-05-22 19:58:03', 'AGENT_PAGE', NULL),
	(99081, '2022-05-22 20:33:38', 'PERSONAL_DATA', 185),
	(99082, '2022-05-22 20:33:38', 'CONTACT_INFO', 185),
	(99083, '2022-05-22 20:33:38', 'SCHOOL_INFO', 185),
	(99084, '2022-05-22 20:33:38', 'STATUS', 185),
	(99085, '2022-05-22 20:33:38', 'FINANCIAL_STATUS', NULL),
	(99086, '2022-05-22 20:33:38', 'FINANCIAL_DETAILS', NULL),
	(99087, '2022-05-22 20:33:38', 'DOCUMENTS', NULL),
	(99088, '2022-05-22 20:33:38', 'AGENT_PAGE', NULL),
	(99089, '2022-05-24 18:27:11', 'PERSONAL_DATA', 185),
	(99090, '2022-05-24 18:27:11', 'CONTACT_INFO', 185),
	(99091, '2022-05-24 18:27:11', 'SCHOOL_INFO', 185),
	(99092, '2022-05-24 18:27:11', 'STATUS', 185),
	(99093, '2022-05-24 18:27:11', 'FINANCIAL_STATUS', NULL),
	(99094, '2022-05-24 18:27:11', 'FINANCIAL_DETAILS', NULL),
	(99095, '2022-05-24 18:27:11', 'DOCUMENTS', NULL),
	(99096, '2022-05-24 18:27:11', 'AGENT_PAGE', NULL);
/*!40000 ALTER TABLE `tab_data_group` ENABLE KEYS */;

-- Dumping structure for table eduard.template
DROP TABLE IF EXISTS `template`;
CREATE TABLE IF NOT EXISTS `template` (
  `id` bigint(20) NOT NULL AUTO_INCREMENT,
  `activeTemplate` bit(1) DEFAULT NULL,
  `lastModified` datetime DEFAULT NULL,
  `templateName` varchar(80) COLLATE utf8_hungarian_ci DEFAULT NULL,
  `templateText` longtext COLLATE utf8_hungarian_ci DEFAULT NULL,
  `lastModifiedBy_id` bigint(20) DEFAULT NULL,
  PRIMARY KEY (`id`),
  KEY `FKB13ACC7A129E5CFF` (`lastModifiedBy_id`),
  CONSTRAINT `FKB13ACC7A129E5CFF` FOREIGN KEY (`lastModifiedBy_id`) REFERENCES `eduard_user` (`id`)
) ENGINE=InnoDB AUTO_INCREMENT=12 DEFAULT CHARSET=utf8 COLLATE=utf8_hungarian_ci;

-- Dumping data for table eduard.template: ~3 rows (approximately)
/*!40000 ALTER TABLE `template` DISABLE KEYS */;
INSERT INTO `template` (`id`, `activeTemplate`, `lastModified`, `templateName`, `templateText`, `lastModifiedBy_id`) VALUES
	(9, b'1', '2022-02-17 07:21:20', 'template 1', '<p>Message template 1</p>', 185),
	(10, b'1', '2022-02-18 20:09:56', 'új üzenet', '<p>Új üzenet szövege</p>', 188),
	(11, b'1', '2022-05-22 21:08:15', 'new template', 'Text ', 185);
/*!40000 ALTER TABLE `template` ENABLE KEYS */;

/*!40101 SET SQL_MODE=IFNULL(@OLD_SQL_MODE, '') */;
/*!40014 SET FOREIGN_KEY_CHECKS=IFNULL(@OLD_FOREIGN_KEY_CHECKS, 1) */;
/*!40101 SET CHARACTER_SET_CLIENT=@OLD_CHARACTER_SET_CLIENT */;
/*!40111 SET SQL_NOTES=IFNULL(@OLD_SQL_NOTES, 1) */;
